No,Name,Ratings,Comments,Links
1,ROK PLISKET PREMIUM,5,Bahan kain sesuai lh sama harga. gak tebal tpi juga ga terlalu tipis. Worth it sihhh,https://shopee.co.id/ROK-PLISKET-PREMIUM-%E2%80%A2ROK-LIPATAN-BESAR-%E2%80%A2ROK-MURAH-KEKINIAN-i.78623631.5545534238?sp_atk=8795acf3-b430-4b69-aad3-75d2c988474e&xptdk=8795acf3-b430-4b69-aad3-75d2c988474e&is_from_login=true
2,ROK PLISKET PREMIUM,5,Bagus bangettt. warnanya juga sesuai tapi untuk ukuran yang warna hitam itu lebih kecil dari pada yang warna army.. tapi gpp tetep sukaaa,https://shopee.co.id/ROK-PLISKET-PREMIUM-%E2%80%A2ROK-LIPATAN-BESAR-%E2%80%A2ROK-MURAH-KEKINIAN-i.78623631.5545534238?sp_atk=8795acf3-b430-4b69-aad3-75d2c988474e&xptdk=8795acf3-b430-4b69-aad3-75d2c988474e&is_from_login=true
3,ROK PLISKET PREMIUM,5,Paketan cepet diperoses dan sudah sampe bahan halus agak nerawang sesuai harga.potongan bawah ma atas tinggi separo karna motongnya ga sama klw dipake tengah panjang pinggir pendek..makasih seller.makasih.,https://shopee.co.id/ROK-PLISKET-PREMIUM-%E2%80%A2ROK-LIPATAN-BESAR-%E2%80%A2ROK-MURAH-KEKINIAN-i.78623631.5545534238?sp_atk=8795acf3-b430-4b69-aad3-75d2c988474e&xptdk=8795acf3-b430-4b69-aad3-75d2c988474e&is_from_login=true
4,ROK PLISKET PREMIUM,5,Suka banget model gamisnya.memang kainnya mungkin agak panas tapi saya rasa sesuai dengan harga pokoknya rekomended.. untuk rok plisketnya sesuai lah sama harga. kualitas tdk membohongi harga. Buat pak kurir sehat selalu dan Hati-hati dalam bertugas,https://shopee.co.id/ROK-PLISKET-PREMIUM-%E2%80%A2ROK-LIPATAN-BESAR-%E2%80%A2ROK-MURAH-KEKINIAN-i.78623631.5545534238?sp_atk=8795acf3-b430-4b69-aad3-75d2c988474e&xptdk=8795acf3-b430-4b69-aad3-75d2c988474e&is_from_login=true
5,ROK PLISKET PREMIUM,4,Model nya bagus sih. Hanya saja dasar nya menerawang karna agak tipis. Tapi warna gelap pastinya gk terlihat. Jahitan lumayan rapi Ada harga ada kualitas tentu nya.,https://shopee.co.id/ROK-PLISKET-PREMIUM-%E2%80%A2ROK-LIPATAN-BESAR-%E2%80%A2ROK-MURAH-KEKINIAN-i.78623631.5545534238?sp_atk=8795acf3-b430-4b69-aad3-75d2c988474e&xptdk=8795acf3-b430-4b69-aad3-75d2c988474e&is_from_login=true
6,ROK PLISKET PREMIUM,4,Kainnya bagus terus warnanya kaya putih tulang cakep banget ngga nyesel beli disini paling cuma bagian kancing ada yang belum dibolongin jadi harus bolongin sendiri. recomendedd pokoknya,https://shopee.co.id/ROK-PLISKET-PREMIUM-%E2%80%A2ROK-LIPATAN-BESAR-%E2%80%A2ROK-MURAH-KEKINIAN-i.78623631.5545534238?sp_atk=8795acf3-b430-4b69-aad3-75d2c988474e&xptdk=8795acf3-b430-4b69-aad3-75d2c988474e&is_from_login=true
7,ROK PLISKET PREMIUM,4,Pad panjang nya. pas besarnya. Pas lah pokok nya,https://shopee.co.id/ROK-PLISKET-PREMIUM-%E2%80%A2ROK-LIPATAN-BESAR-%E2%80%A2ROK-MURAH-KEKINIAN-i.78623631.5545534238?sp_atk=8795acf3-b430-4b69-aad3-75d2c988474e&xptdk=8795acf3-b430-4b69-aad3-75d2c988474e&is_from_login=true
8,ROK PLISKET PREMIUM,4,Pengiriman cepat.barang bagus.ini rok nya beneran bagus sih untuk harga sgtu,https://shopee.co.id/ROK-PLISKET-PREMIUM-%E2%80%A2ROK-LIPATAN-BESAR-%E2%80%A2ROK-MURAH-KEKINIAN-i.78623631.5545534238?sp_atk=8795acf3-b430-4b69-aad3-75d2c988474e&xptdk=8795acf3-b430-4b69-aad3-75d2c988474e&is_from_login=true
9,ROK PLISKET PREMIUM,3,Bahannya sih lumayan bagus ga terlalu nerawang tapi jahitan sampingnya gak lurus jadinya jelek pas dipake tapi ya emg harga segitu sih. barang sesuai harga lah ya,https://shopee.co.id/ROK-PLISKET-PREMIUM-%E2%80%A2ROK-LIPATAN-BESAR-%E2%80%A2ROK-MURAH-KEKINIAN-i.78623631.5545534238?sp_atk=8795acf3-b430-4b69-aad3-75d2c988474e&xptdk=8795acf3-b430-4b69-aad3-75d2c988474e&is_from_login=true
10,ROK PLISKET PREMIUM,3,Bahan adem tapi Kainnya tipis dan jaitannya kurang rapi jadi nggak keliatan bagus kalau di pake ... Saya kasih bintang 3 aja ya ...,https://shopee.co.id/ROK-PLISKET-PREMIUM-%E2%80%A2ROK-LIPATAN-BESAR-%E2%80%A2ROK-MURAH-KEKINIAN-i.78623631.5545534238?sp_atk=8795acf3-b430-4b69-aad3-75d2c988474e&xptdk=8795acf3-b430-4b69-aad3-75d2c988474e&is_from_login=true
11,ROK PLISKET PREMIUM,3,Barang sudah sampai. kuliatas sesuai dg harga. trimakasih seller,https://shopee.co.id/ROK-PLISKET-PREMIUM-%E2%80%A2ROK-LIPATAN-BESAR-%E2%80%A2ROK-MURAH-KEKINIAN-i.78623631.5545534238?sp_atk=8795acf3-b430-4b69-aad3-75d2c988474e&xptdk=8795acf3-b430-4b69-aad3-75d2c988474e&is_from_login=true
12,ROK PLISKET PREMIUM,3,Alhamdulillah paketnya sampai dengan selamat. rok nya lumayan sesuai dg harganya.. ada harga ada kualitas ya.. terima kasih,https://shopee.co.id/ROK-PLISKET-PREMIUM-%E2%80%A2ROK-LIPATAN-BESAR-%E2%80%A2ROK-MURAH-KEKINIAN-i.78623631.5545534238?sp_atk=8795acf3-b430-4b69-aad3-75d2c988474e&xptdk=8795acf3-b430-4b69-aad3-75d2c988474e&is_from_login=true
13,ROK PLISKET PREMIUM,2,Sudh sampai barangnya  agak tipis sih lainnya. Tpi sesuai lah dngn harganya,https://shopee.co.id/ROK-PLISKET-PREMIUM-%E2%80%A2ROK-LIPATAN-BESAR-%E2%80%A2ROK-MURAH-KEKINIAN-i.78623631.5545534238?sp_atk=8795acf3-b430-4b69-aad3-75d2c988474e&xptdk=8795acf3-b430-4b69-aad3-75d2c988474e&is_from_login=true
14,ROK PLISKET PREMIUM,2,kainnya tipis dan kurang myung tp gk pa2lah mksih shopee,https://shopee.co.id/ROK-PLISKET-PREMIUM-%E2%80%A2ROK-LIPATAN-BESAR-%E2%80%A2ROK-MURAH-KEKINIAN-i.78623631.5545534238?sp_atk=8795acf3-b430-4b69-aad3-75d2c988474e&xptdk=8795acf3-b430-4b69-aad3-75d2c988474e&is_from_login=true
15,ROK PLISKET PREMIUM,2,Tidak sesuai harapan. yg diorder maroon yg datang merah agak orange ,https://shopee.co.id/ROK-PLISKET-PREMIUM-%E2%80%A2ROK-LIPATAN-BESAR-%E2%80%A2ROK-MURAH-KEKINIAN-i.78623631.5545534238?sp_atk=8795acf3-b430-4b69-aad3-75d2c988474e&xptdk=8795acf3-b430-4b69-aad3-75d2c988474e&is_from_login=true
16,ROK PLISKET PREMIUM,2,Rok putih nya setelah dibuka ada noda lumayan besar,https://shopee.co.id/ROK-PLISKET-PREMIUM-%E2%80%A2ROK-LIPATAN-BESAR-%E2%80%A2ROK-MURAH-KEKINIAN-i.78623631.5545534238?sp_atk=8795acf3-b430-4b69-aad3-75d2c988474e&xptdk=8795acf3-b430-4b69-aad3-75d2c988474e&is_from_login=true
17,ROK PLISKET PREMIUM,1,Yah biasalah brang murah . kta y premium tpi kok tipis banget transparan lgi . apalagi yg putih kulit sampai kelihatan.nyesel deh beli d sni,https://shopee.co.id/ROK-PLISKET-PREMIUM-%E2%80%A2ROK-LIPATAN-BESAR-%E2%80%A2ROK-MURAH-KEKINIAN-i.78623631.5545534238?sp_atk=8795acf3-b430-4b69-aad3-75d2c988474e&xptdk=8795acf3-b430-4b69-aad3-75d2c988474e&is_from_login=true
18,ROK PLISKET PREMIUM,1,Tidak baik datanya tidak sesua dengan apa yg di inginkan,https://shopee.co.id/ROK-PLISKET-PREMIUM-%E2%80%A2ROK-LIPATAN-BESAR-%E2%80%A2ROK-MURAH-KEKINIAN-i.78623631.5545534238?sp_atk=8795acf3-b430-4b69-aad3-75d2c988474e&xptdk=8795acf3-b430-4b69-aad3-75d2c988474e&is_from_login=true
19,ROK PLISKET PREMIUM,1,Jelek banget jangan beli di tokoh ini,https://shopee.co.id/ROK-PLISKET-PREMIUM-%E2%80%A2ROK-LIPATAN-BESAR-%E2%80%A2ROK-MURAH-KEKINIAN-i.78623631.5545534238?sp_atk=8795acf3-b430-4b69-aad3-75d2c988474e&xptdk=8795acf3-b430-4b69-aad3-75d2c988474e&is_from_login=true
20,ROK PLISKET PREMIUM,1,Kain nya tipis tidak lebar,https://shopee.co.id/Rok-Plisket-PREMIUM-MAYUNG-By-AURA-Jersey-Hyget-Lipatan-Besar-Termurah-Bawahan-Panjang-Best-Seller-i.8623912.6575569319?sp_atk=95f282de-986b-4de3-893b-f12549f59869&xptdk=95f282de-986b-4de3-893b-f12549f59869
21,Rok Plisket PREMIUM MAYUNG By AURA Jersey Hyget,5,Bagus bngttt. . Cocok untuk d jual lagi. . Admin ramah. .pengiriman cepet dan kurirnya juga ramah bngtttt,https://shopee.co.id/Rok-Plisket-PREMIUM-MAYUNG-By-AURA-Jersey-Hyget-Lipatan-Besar-Termurah-Bawahan-Panjang-Best-Seller-i.8623912.6575569319?sp_atk=95f282de-986b-4de3-893b-f12549f59869&xptdk=95f282de-986b-4de3-893b-f12549f59870
22,Rok Plisket PREMIUM MAYUNG By AURA Jersey Hyget,5,Beneran bagusss banget warnanyaa sukakk  bahannya juga baguss. ringan. ga nerawang. harga murah bgtt pokonya puass bgt ga nyesel sama sekali. pengiriman cepattt bgt  next bakal order lg siihh makasii seller ,https://shopee.co.id/Rok-Plisket-PREMIUM-MAYUNG-By-AURA-Jersey-Hyget-Lipatan-Besar-Termurah-Bawahan-Panjang-Best-Seller-i.8623912.6575569319?sp_atk=95f282de-986b-4de3-893b-f12549f59869&xptdk=95f282de-986b-4de3-893b-f12549f59871
23,Rok Plisket PREMIUM MAYUNG By AURA Jersey Hyget,5,Paket sudah sampai dan sudah saya terima kasih banyak saaaaaaaaayaaaaaaa suuuuukaaaaaaa muuuuraaaaah meeriiaaaaaaah terima kasih,https://shopee.co.id/Rok-Plisket-PREMIUM-MAYUNG-By-AURA-Jersey-Hyget-Lipatan-Besar-Termurah-Bawahan-Panjang-Best-Seller-i.8623912.6575569319?sp_atk=95f282de-986b-4de3-893b-f12549f59869&xptdk=95f282de-986b-4de3-893b-f12549f59872
24,Rok Plisket PREMIUM MAYUNG By AURA Jersey Hyget,5,Paketnya dah sampai barang sesuai pesanan .jahitan nya rapi tp ukuran rok nya gak sm yg marun besar sdngkn yg coksu kecil .dan agak tipis. ya sesuai lah dgn hrga .oke terimakasih seller. kurir dan shopee,https://shopee.co.id/Rok-Plisket-PREMIUM-MAYUNG-By-AURA-Jersey-Hyget-Lipatan-Besar-Termurah-Bawahan-Panjang-Best-Seller-i.8623912.6575569319?sp_atk=95f282de-986b-4de3-893b-f12549f59869&xptdk=95f282de-986b-4de3-893b-f12549f59873
25,Rok Plisket PREMIUM MAYUNG By AURA Jersey Hyget,4,Pengiriman baik .pengemasan baik .bahan tipis sesuai dengan harga plisket nya rapi .wortid dengan harga segitu kalau dipakek harus pakai dalaman biar aman .,https://shopee.co.id/Rok-Plisket-PREMIUM-MAYUNG-By-AURA-Jersey-Hyget-Lipatan-Besar-Termurah-Bawahan-Panjang-Best-Seller-i.8623912.6575569319?sp_atk=95f282de-986b-4de3-893b-f12549f59869&xptdk=95f282de-986b-4de3-893b-f12549f59874
26,Rok Plisket PREMIUM MAYUNG By AURA Jersey Hyget,4,Bahan tebal bagus banget... üëçüòÑü•∞,https://shopee.co.id/Rok-Plisket-PREMIUM-MAYUNG-By-AURA-Jersey-Hyget-Lipatan-Besar-Termurah-Bawahan-Panjang-Best-Seller-i.8623912.6575569319?sp_atk=95f282de-986b-4de3-893b-f12549f59869&xptdk=95f282de-986b-4de3-893b-f12549f59875
27,Rok Plisket PREMIUM MAYUNG By AURA Jersey Hyget,4,Untuk pengemasannya cepat. bahannya emang sesuai hrga tipis dan gk terlalu prisket. Harga sangt terjangkau,https://shopee.co.id/Rok-Plisket-PREMIUM-MAYUNG-By-AURA-Jersey-Hyget-Lipatan-Besar-Termurah-Bawahan-Panjang-Best-Seller-i.8623912.6575569319?sp_atk=95f282de-986b-4de3-893b-f12549f59869&xptdk=95f282de-986b-4de3-893b-f12549f59876
28,Rok Plisket PREMIUM MAYUNG By AURA Jersey Hyget,4,Mantap barang yo bagus sesuai pesenan..,https://shopee.co.id/Rok-Plisket-PREMIUM-MAYUNG-By-AURA-Jersey-Hyget-Lipatan-Besar-Termurah-Bawahan-Panjang-Best-Seller-i.8623912.6575569319?sp_atk=95f282de-986b-4de3-893b-f12549f59869&xptdk=95f282de-986b-4de3-893b-f12549f59877
29,Rok Plisket PREMIUM MAYUNG By AURA Jersey Hyget,3,Maaf kasi bintang 3..bahannya tipis ga kyk yg kemarin sy beli...plisletnya pun tambah kecil...pakingnya kurang rapi...punteeennnn,https://shopee.co.id/Rok-Plisket-PREMIUM-MAYUNG-By-AURA-Jersey-Hyget-Lipatan-Besar-Termurah-Bawahan-Panjang-Best-Seller-i.8623912.6575569319?sp_atk=95f282de-986b-4de3-893b-f12549f59869&xptdk=95f282de-986b-4de3-893b-f12549f59878
30,Rok Plisket PREMIUM MAYUNG By AURA Jersey Hyget,3,Tipis banget nerawang dan kecil di aku. sesuai dg harga sih..,https://shopee.co.id/Rok-Plisket-PREMIUM-MAYUNG-By-AURA-Jersey-Hyget-Lipatan-Besar-Termurah-Bawahan-Panjang-Best-Seller-i.8623912.6575569319?sp_atk=95f282de-986b-4de3-893b-f12549f59869&xptdk=95f282de-986b-4de3-893b-f12549f59879
31,Rok Plisket PREMIUM MAYUNG By AURA Jersey Hyget,3,Maaf ya kaka fotonya gak sesuai sama pesanan karena keburu diambil sama seller. tapi terimakasih kaka karena pemesanan barang nya cepat diproses jadi tidak nunggu lama. kualitas barang sesuai harga tapi tidak nerawang. lipitannya juga rapi,https://shopee.co.id/Rok-Plisket-PREMIUM-MAYUNG-By-AURA-Jersey-Hyget-Lipatan-Besar-Termurah-Bawahan-Panjang-Best-Seller-i.8623912.6575569319?sp_atk=95f282de-986b-4de3-893b-f12549f59869&xptdk=95f282de-986b-4de3-893b-f12549f59880
32,Rok Plisket PREMIUM MAYUNG By AURA Jersey Hyget,3,Brg nya sdh sampai sesuai pesanan hrg nya sangat terjangkau produknya original kualitas nya baik dan no bad pengiriman produk sngt cepat makasih mbak,https://shopee.co.id/Rok-Plisket-PREMIUM-MAYUNG-By-AURA-Jersey-Hyget-Lipatan-Besar-Termurah-Bawahan-Panjang-Best-Seller-i.8623912.6575569319?sp_atk=95f282de-986b-4de3-893b-f12549f59869&xptdk=95f282de-986b-4de3-893b-f12549f59881
33,Rok Plisket PREMIUM MAYUNG By AURA Jersey Hyget,2,Alhamdulillah pesanan qw udah smpai .warna pesanan sesuai  bahan nya tipis iya tp sesuai harga lah  üëçüëç,https://shopee.co.id/Rok-Plisket-PREMIUM-MAYUNG-By-AURA-Jersey-Hyget-Lipatan-Besar-Termurah-Bawahan-Panjang-Best-Seller-i.8623912.6575569319?sp_atk=95f282de-986b-4de3-893b-f12549f59869&xptdk=95f282de-986b-4de3-893b-f12549f59882
34,Rok Plisket PREMIUM MAYUNG By AURA Jersey Hyget,2, Tipis jadiii ibuk aku agak kecewa karena yang di ingin in yg tebel tapi gapapa lah sesuai dengan harganyaaaaa respon penjual gercep kurirnya juga ramah dan cpt nemu. Tapi bagi yg suka gak terlalu tebel bisa banget nih di cobaaa. Makasih üòä,https://shopee.co.id/Rok-Plisket-PREMIUM-MAYUNG-By-AURA-Jersey-Hyget-Lipatan-Besar-Termurah-Bawahan-Panjang-Best-Seller-i.8623912.6575569319?sp_atk=95f282de-986b-4de3-893b-f12549f59869&xptdk=95f282de-986b-4de3-893b-f12549f59883
35,Rok Plisket PREMIUM MAYUNG By AURA Jersey Hyget,2,Tolong lebih teliti lg. beli rok tp dikasi celana?? Trs bagian bawahnya yg satu dijahit obras yg satu (polos) gk ada jahitannyaü§¶ü§¶,https://shopee.co.id/Rok-Plisket-PREMIUM-MAYUNG-By-AURA-Jersey-Hyget-Lipatan-Besar-Termurah-Bawahan-Panjang-Best-Seller-i.8623912.6575569319?sp_atk=95f282de-986b-4de3-893b-f12549f59869&xptdk=95f282de-986b-4de3-893b-f12549f59884
36,Rok Plisket PREMIUM MAYUNG By AURA Jersey Hyget,2,Alhamdulillah sesuai dengan harapan. bagus nex pasti order lagiü§ó,https://shopee.co.id/Rok-Plisket-PREMIUM-MAYUNG-By-AURA-Jersey-Hyget-Lipatan-Besar-Termurah-Bawahan-Panjang-Best-Seller-i.8623912.6575569319?sp_atk=95f282de-986b-4de3-893b-f12549f59869&xptdk=95f282de-986b-4de3-893b-f12549f59885
37,Rok Plisket PREMIUM MAYUNG By AURA Jersey Hyget,1,Roknya beda gak sama yang satu mayung yang satunya gak gimana sih bilangnya mayung,https://shopee.co.id/Rok-Plisket-PREMIUM-MAYUNG-By-AURA-Jersey-Hyget-Lipatan-Besar-Termurah-Bawahan-Panjang-Best-Seller-i.8623912.6575569319?sp_atk=95f282de-986b-4de3-893b-f12549f59869&xptdk=95f282de-986b-4de3-893b-f12549f59886
38,Rok Plisket PREMIUM MAYUNG By AURA Jersey Hyget,1,"pdhl bkali kali order buat djual. pas apes aja mngkin..brng yg dikirim jelek roknya pnjang sebelah yg 3 pkisketnya muter"" gx beraturan.. drpd pelannggaku kcwa lbih baik aq yg rugi. sdih brng kyk gt kok tega dikirim. smg kjadian ini hny pda aq aja. lain x lbih hati hati y kak biar planggan gx kcwaü§ó",https://shopee.co.id/Rok-Plisket-PREMIUM-MAYUNG-By-AURA-Jersey-Hyget-Lipatan-Besar-Termurah-Bawahan-Panjang-Best-Seller-i.8623912.6575569319?sp_atk=95f282de-986b-4de3-893b-f12549f59869&xptdk=95f282de-986b-4de3-893b-f12549f59887
39,Rok Plisket PREMIUM MAYUNG By AURA Jersey Hyget,1,pesen milo yg dtg malah ungu  katanya memang dr konveksi seperti itu. tapi di contoh gambarnya warna milo tdk seperti itu. tolong kalo memang warna milonya agak berbeda sebaiknya digambarnya jg beda.,https://shopee.co.id/Rok-Plisket-PREMIUM-MAYUNG-By-AURA-Jersey-Hyget-Lipatan-Besar-Termurah-Bawahan-Panjang-Best-Seller-i.8623912.6575569319?sp_atk=95f282de-986b-4de3-893b-f12549f59869&xptdk=95f282de-986b-4de3-893b-f12549f59888
40,Rok Plisket PREMIUM MAYUNG By AURA Jersey Hyget,1,Kecewa buanggettttt..banyak bolongnya.kalo sob3k jangan sikula ya.jadinya kan rugi.diteliti dulu sebelum dikirm.untuk kurirnya is the best,https://shopee.co.id/RX-Fashion-Rok-Serut-Twistcone-josep-skirt-casual-flow-Tamara-Skirt-Rok-Serut-Casual-Korean-Look-Midi-Maxi-Ruched-Skirt-Rok-Wanita-Korean-Look-NN-i.9069060.17666097393?sp_atk=fefd092d-3b1f-4b07-bdae-10f953fd4a5b&xptdk=fefd092d-3b1f-4b07-bdae-10f953fd4a5b
41,RX Fashion- Rok Serut Twistcone,5,Terima ksh kak paketan qu sdh sampai sesuai pesenan qu.. brg na bagus sesuai dgn hrga na. jahitan e rapi. pas bnget d badan qu.. pengiriman cepet. pngemasan rapi. kurir dan admin na ramah bnget.. tetap smangat kakak seller dan tetap amanah ya.. üôèüôè,https://shopee.co.id/RX-Fashion-Rok-Serut-Twistcone-josep-skirt-casual-flow-Tamara-Skirt-Rok-Serut-Casual-Korean-Look-Midi-Maxi-Ruched-Skirt-Rok-Wanita-Korean-Look-NN-i.9069060.17666097393?sp_atk=fefd092d-3b1f-4b07-bdae-10f953fd4a5b&xptdk=fefd092d-3b1f-4b07-bdae-10f953fd4a5b
42,RX Fashion- Rok Serut Twistcone,5,Banguss bangetttüò≠ü•∞‚ù§Ô∏è‚ù§Ô∏è‚ù§Ô∏è kirain aku bakal tembus pandnag ternyata ngga‚ù§Ô∏è‚ù§Ô∏è,https://shopee.co.id/RX-Fashion-Rok-Serut-Twistcone-josep-skirt-casual-flow-Tamara-Skirt-Rok-Serut-Casual-Korean-Look-Midi-Maxi-Ruched-Skirt-Rok-Wanita-Korean-Look-NN-i.9069060.17666097393?sp_atk=fefd092d-3b1f-4b07-bdae-10f953fd4a5b&xptdk=fefd092d-3b1f-4b07-bdae-10f953fd4a5b
43,RX Fashion- Rok Serut Twistcone,5,Aku baru pertama kali pesan disini. Bahan nya bagus. dan sesuai gambar dan pesanan nya aman semua. Warna dan barang sesuai dengan request. Alhamdulilah amanah yaaa.,https://shopee.co.id/RX-Fashion-Rok-Serut-Twistcone-josep-skirt-casual-flow-Tamara-Skirt-Rok-Serut-Casual-Korean-Look-Midi-Maxi-Ruched-Skirt-Rok-Wanita-Korean-Look-NN-i.9069060.17666097393?sp_atk=fefd092d-3b1f-4b07-bdae-10f953fd4a5b&xptdk=fefd092d-3b1f-4b07-bdae-10f953fd4a5b
44,RX Fashion- Rok Serut Twistcone,5,Untuk di BB 60 masih enak dipake sih panjangnya juga pas. cuman bahan nya tipis bgt sesuai lah sm harganya. thank u seller ‚ù§Ô∏è,https://shopee.co.id/RX-Fashion-Rok-Serut-Twistcone-josep-skirt-casual-flow-Tamara-Skirt-Rok-Serut-Casual-Korean-Look-Midi-Maxi-Ruched-Skirt-Rok-Wanita-Korean-Look-NN-i.9069060.17666097393?sp_atk=fefd092d-3b1f-4b07-bdae-10f953fd4a5b&xptdk=fefd092d-3b1f-4b07-bdae-10f953fd4a5b
45,RX Fashion- Rok Serut Twistcone,4,Alhamdulillah barang nyampe dengan selamat. pengemasan agak lama. packing b aja lah ya cuma dibungkus plastik. roknya bagus. bahannya juga lumayan bagus. cuma bagian perut kebesaran di aku huhu,https://shopee.co.id/RX-Fashion-Rok-Serut-Twistcone-josep-skirt-casual-flow-Tamara-Skirt-Rok-Serut-Casual-Korean-Look-Midi-Maxi-Ruched-Skirt-Rok-Wanita-Korean-Look-NN-i.9069060.17666097393?sp_atk=fefd092d-3b1f-4b07-bdae-10f953fd4a5b&xptdk=fefd092d-3b1f-4b07-bdae-10f953fd4a5b
46,RX Fashion- Rok Serut Twistcone,4,Bb/tb 56/158 di pinggul kekecilan. di pinggang pas banget,https://shopee.co.id/RX-Fashion-Rok-Serut-Twistcone-josep-skirt-casual-flow-Tamara-Skirt-Rok-Serut-Casual-Korean-Look-Midi-Maxi-Ruched-Skirt-Rok-Wanita-Korean-Look-NN-i.9069060.17666097393?sp_atk=fefd092d-3b1f-4b07-bdae-10f953fd4a5b&xptdk=fefd092d-3b1f-4b07-bdae-10f953fd4a5b
47,RX Fashion- Rok Serut Twistcone,4,alhamdulillah paketnya udah sampe pengiriman nya jg cepet bauanya terlalu tipis tp sepandan lh dengan harga segitu warna nya jg malah mirip ke cream bkn coksu tpi goo deh üòÅ,https://shopee.co.id/RX-Fashion-Rok-Serut-Twistcone-josep-skirt-casual-flow-Tamara-Skirt-Rok-Serut-Casual-Korean-Look-Midi-Maxi-Ruched-Skirt-Rok-Wanita-Korean-Look-NN-i.9069060.17666097393?sp_atk=fefd092d-3b1f-4b07-bdae-10f953fd4a5b&xptdk=fefd092d-3b1f-4b07-bdae-10f953fd4a5b
48,RX Fashion- Rok Serut Twistcone,4,Tipis banget roknya dan modelnya lurus aja kirain agak lebar dikit.tapi ya sesuai harga‚Ä¶,https://shopee.co.id/RX-Fashion-Rok-Serut-Twistcone-josep-skirt-casual-flow-Tamara-Skirt-Rok-Serut-Casual-Korean-Look-Midi-Maxi-Ruched-Skirt-Rok-Wanita-Korean-Look-NN-i.9069060.17666097393?sp_atk=fefd092d-3b1f-4b07-bdae-10f953fd4a5b&xptdk=fefd092d-3b1f-4b07-bdae-10f953fd4a5b
49,RX Fashion- Rok Serut Twistcone,3,Dalam pengemasan/packingnya nggk masalah.  Kainya aja yg terlalu tipis.  Masih lebih tebal jilbab pramuka aku.  Yah mungkin dengan harga semurah ini kualitasnya sepadan.  Dan buat jahitanya banyak rumbai benang yg blm di potong. Itu aja tapi modelnya sama dah.,https://shopee.co.id/RX-Fashion-Rok-Serut-Twistcone-josep-skirt-casual-flow-Tamara-Skirt-Rok-Serut-Casual-Korean-Look-Midi-Maxi-Ruched-Skirt-Rok-Wanita-Korean-Look-NN-i.9069060.17666097393?sp_atk=fefd092d-3b1f-4b07-bdae-10f953fd4a5b&xptdk=fefd092d-3b1f-4b07-bdae-10f953fd4a5b
50,RX Fashion- Rok Serut Twistcone,3,Yaaa lumayan lah yaa,https://shopee.co.id/RX-Fashion-Rok-Serut-Twistcone-josep-skirt-casual-flow-Tamara-Skirt-Rok-Serut-Casual-Korean-Look-Midi-Maxi-Ruched-Skirt-Rok-Wanita-Korean-Look-NN-i.9069060.17666097393?sp_atk=fefd092d-3b1f-4b07-bdae-10f953fd4a5b&xptdk=fefd092d-3b1f-4b07-bdae-10f953fd4a5b
51,RX Fashion- Rok Serut Twistcone,3,Tipis takira aga tebal ya sesui harga pengiriman cepat..,https://shopee.co.id/RX-Fashion-Rok-Serut-Twistcone-josep-skirt-casual-flow-Tamara-Skirt-Rok-Serut-Casual-Korean-Look-Midi-Maxi-Ruched-Skirt-Rok-Wanita-Korean-Look-NN-i.9069060.17666097393?sp_atk=fefd092d-3b1f-4b07-bdae-10f953fd4a5b&xptdk=fefd092d-3b1f-4b07-bdae-10f953fd4a5b
52,RX Fashion- Rok Serut Twistcone,3,Bagi kalian yg nyari rok serut dengan harga terjangkau bisa banget beli disini karena bisa dipake ootd jugaüñ§üñ§üñ§,https://shopee.co.id/RX-Fashion-Rok-Serut-Twistcone-josep-skirt-casual-flow-Tamara-Skirt-Rok-Serut-Casual-Korean-Look-Midi-Maxi-Ruched-Skirt-Rok-Wanita-Korean-Look-NN-i.9069060.17666097393?sp_atk=fefd092d-3b1f-4b07-bdae-10f953fd4a5b&xptdk=fefd092d-3b1f-4b07-bdae-10f953fd4a5b
53,RX Fashion- Rok Serut Twistcone,2,Bahanny terlalu tipis....tp lumayanlah dgn harga segitu,https://shopee.co.id/RX-Fashion-Rok-Serut-Twistcone-josep-skirt-casual-flow-Tamara-Skirt-Rok-Serut-Casual-Korean-Look-Midi-Maxi-Ruched-Skirt-Rok-Wanita-Korean-Look-NN-i.9069060.17666097393?sp_atk=fefd092d-3b1f-4b07-bdae-10f953fd4a5b&xptdk=fefd092d-3b1f-4b07-bdae-10f953fd4a5b
54,RX Fashion- Rok Serut Twistcone,2,Kainnya tipis.ga sesuai gambar!!,https://shopee.co.id/RX-Fashion-Rok-Serut-Twistcone-josep-skirt-casual-flow-Tamara-Skirt-Rok-Serut-Casual-Korean-Look-Midi-Maxi-Ruched-Skirt-Rok-Wanita-Korean-Look-NN-i.9069060.17666097393?sp_atk=fefd092d-3b1f-4b07-bdae-10f953fd4a5b&xptdk=fefd092d-3b1f-4b07-bdae-10f953fd4a5b
55,RX Fashion- Rok Serut Twistcone,2,Ngg sesuai ekspektasi.. warna coklatnya juga beda juuuaaauuhhh sama digambar kecewa sih pertama kali beli kesanya udh jelek .. mana kainnya tipis pula .. di deskripsi muat untuk bb 55kg nyatanya diaku sempit .... Bisa masuk tapi maksa ,https://shopee.co.id/RX-Fashion-Rok-Serut-Twistcone-josep-skirt-casual-flow-Tamara-Skirt-Rok-Serut-Casual-Korean-Look-Midi-Maxi-Ruched-Skirt-Rok-Wanita-Korean-Look-NN-i.9069060.17666097393?sp_atk=fefd092d-3b1f-4b07-bdae-10f953fd4a5b&xptdk=fefd092d-3b1f-4b07-bdae-10f953fd4a5b
56,RX Fashion- Rok Serut Twistcone,2,bahan terllu tipis warna hitamnya spti pudar,https://shopee.co.id/RX-Fashion-Rok-Serut-Twistcone-josep-skirt-casual-flow-Tamara-Skirt-Rok-Serut-Casual-Korean-Look-Midi-Maxi-Ruched-Skirt-Rok-Wanita-Korean-Look-NN-i.9069060.17666097393?sp_atk=fefd092d-3b1f-4b07-bdae-10f953fd4a5b&xptdk=fefd092d-3b1f-4b07-bdae-10f953fd4a5b
57,RX Fashion- Rok Serut Twistcone,1,Mohon maaf saya persen warna hitam kok Dateng ya warna coklat,https://shopee.co.id/RX-Fashion-Rok-Serut-Twistcone-josep-skirt-casual-flow-Tamara-Skirt-Rok-Serut-Casual-Korean-Look-Midi-Maxi-Ruched-Skirt-Rok-Wanita-Korean-Look-NN-i.9069060.17666097393?sp_atk=fefd092d-3b1f-4b07-bdae-10f953fd4a5b&xptdk=fefd092d-3b1f-4b07-bdae-10f953fd4a5b
58,RX Fashion- Rok Serut Twistcone,1,"Saya kan sudah pesan rok serut warna hitam tapi kenapa malah dikirimnya kemeja hijau?! Sebelumnya saya sudah konfirmasi apakah produknya ready atau tidak. dan kata penjualnya ready toh akhirnya saya beli. Saya percaya harga segitu karena ada kata ""cucu gudang"". Kalau gak ada produknya tinggal cancel",https://shopee.co.id/RX-Fashion-Rok-Serut-Twistcone-josep-skirt-casual-flow-Tamara-Skirt-Rok-Serut-Casual-Korean-Look-Midi-Maxi-Ruched-Skirt-Rok-Wanita-Korean-Look-NN-i.9069060.17666097393?sp_atk=fefd092d-3b1f-4b07-bdae-10f953fd4a5b&xptdk=fefd092d-3b1f-4b07-bdae-10f953fd4a5b
59,RX Fashion- Rok Serut Twistcone,1,Bukan pink yg sy order kecewa ...liat la orderan sy apa,https://shopee.co.id/RX-Fashion-Rok-Serut-Twistcone-josep-skirt-casual-flow-Tamara-Skirt-Rok-Serut-Casual-Korean-Look-Midi-Maxi-Ruched-Skirt-Rok-Wanita-Korean-Look-NN-i.9069060.17666097393?sp_atk=fefd092d-3b1f-4b07-bdae-10f953fd4a5b&xptdk=fefd092d-3b1f-4b07-bdae-10f953fd4a5b
60,RX Fashion- Rok Serut Twistcone,1,Yng di pesen hitam dateng ya coklat g amanah penjualnya,https://shopee.co.id/RX-Fashion-Rok-Serut-Twistcone-josep-skirt-casual-flow-Tamara-Skirt-Rok-Serut-Casual-Korean-Look-Midi-Maxi-Ruched-Skirt-Rok-Wanita-Korean-Look-NN-i.9069060.17666097393?sp_atk=fefd092d-3b1f-4b07-bdae-10f953fd4a5b&xptdk=fefd092d-3b1f-4b07-bdae-10f953fd4a5b
61,Tamara Skirt,5,roknya halus. lucu juga. tapi agak ngatung sedikit. tapi gpp aku suka,https://shopee.co.id/Tamara-Skirt-Rok-Serut-Casual-Korean-Look-Joseph-Skirt-Midi-Maxy-Rok-Wanita-Korean-Terbaru-i.67693195.19012106414?sp_atk=f5e7ae25-ad04-4e86-8fc5-1cc3d81135e9&xptdk=f5e7ae25-ad04-4e86-8fc5-1cc3d81135e9
62,Tamara Skirt,5,Waww suka bgt pertama kali makek ko bisa indah gini pas dibadan. Buat kondangan ahh besok kwk,https://shopee.co.id/Tamara-Skirt-Rok-Serut-Casual-Korean-Look-Joseph-Skirt-Midi-Maxy-Rok-Wanita-Korean-Terbaru-i.67693195.19012106414?sp_atk=f5e7ae25-ad04-4e86-8fc5-1cc3d81135e9&xptdk=f5e7ae25-ad04-4e86-8fc5-1cc3d81135e10
63,Tamara Skirt,5,Admin ramah. packing rapih.gilak sih murmer overall bagus.bahan lumayan cuma tipis harus pakai dalaman celana lg ya.kurir ramah.,https://shopee.co.id/Tamara-Skirt-Rok-Serut-Casual-Korean-Look-Joseph-Skirt-Midi-Maxy-Rok-Wanita-Korean-Terbaru-i.67693195.19012106414?sp_atk=f5e7ae25-ad04-4e86-8fc5-1cc3d81135e9&xptdk=f5e7ae25-ad04-4e86-8fc5-1cc3d81135e11
64,Tamara Skirt,5,Agak kebesaran sih tp bisa diakalin.,https://shopee.co.id/Tamara-Skirt-Rok-Serut-Casual-Korean-Look-Joseph-Skirt-Midi-Maxy-Rok-Wanita-Korean-Terbaru-i.67693195.19012106414?sp_atk=f5e7ae25-ad04-4e86-8fc5-1cc3d81135e9&xptdk=f5e7ae25-ad04-4e86-8fc5-1cc3d81135e12
65,Tamara Skirt,4,Ini orderan pertama puaas sih Cakep banget bahan juga oke.  cuma  Pengiriman lumayan  oke sih packingnya juga oke lah  pake bubble wrap segitu mah lumayan mantap,https://shopee.co.id/Tamara-Skirt-Rok-Serut-Casual-Korean-Look-Joseph-Skirt-Midi-Maxy-Rok-Wanita-Korean-Terbaru-i.67693195.19012106414?sp_atk=f5e7ae25-ad04-4e86-8fc5-1cc3d81135e9&xptdk=f5e7ae25-ad04-4e86-8fc5-1cc3d81135e13
66,Tamara Skirt,4,trims kak  barang datang dg cepat . model sesuai dg gambar. kualitas bahan sesuai dg harga jual. bahan tipis.yg berhijab perlu pake leging lagi. untuk harian santai di rumah enak karna bahan tipis. jaitanya standar,https://shopee.co.id/Tamara-Skirt-Rok-Serut-Casual-Korean-Look-Joseph-Skirt-Midi-Maxy-Rok-Wanita-Korean-Terbaru-i.67693195.19012106414?sp_atk=f5e7ae25-ad04-4e86-8fc5-1cc3d81135e9&xptdk=f5e7ae25-ad04-4e86-8fc5-1cc3d81135e14
67,Tamara Skirt,4,Barang yang dikirim lengkap tapi mohon maaf sebelumnya agak kecewa karna ada beberapa barang yang kotor. sobek. dan ada juga yg salah warna jadi lain kali mohon diperhatikan lagi agar costumer tidak kecewa!!üôèüèª‚ú®,https://shopee.co.id/Tamara-Skirt-Rok-Serut-Casual-Korean-Look-Joseph-Skirt-Midi-Maxy-Rok-Wanita-Korean-Terbaru-i.67693195.19012106414?sp_atk=f5e7ae25-ad04-4e86-8fc5-1cc3d81135e9&xptdk=f5e7ae25-ad04-4e86-8fc5-1cc3d81135e15
68,Tamara Skirt,4,Kirain bahan crinkel gataunya kek bahan scuba gtu ga sesuai ekspektasi agak nyesel si tapi ya gmn namanya juga murah. hehe.,https://shopee.co.id/Tamara-Skirt-Rok-Serut-Casual-Korean-Look-Joseph-Skirt-Midi-Maxy-Rok-Wanita-Korean-Terbaru-i.67693195.19012106414?sp_atk=f5e7ae25-ad04-4e86-8fc5-1cc3d81135e9&xptdk=f5e7ae25-ad04-4e86-8fc5-1cc3d81135e16
69,Tamara Skirt,3,Riview barang yg saya dapet dari toko ini. Pinggangnyaa gede bgt. panjangnyaa pass. bahannyaa lumayan lah dengan harga segitu. adaa yg robek. jahitannyaa adaa yg ngawur dan tali serutnyaa copot 1 . haruss ngeluarin duit lagii dahh buatt vermak. pengirimannyaa lumayan lamaa.  bb 45/tb 150cm,https://shopee.co.id/Tamara-Skirt-Rok-Serut-Casual-Korean-Look-Joseph-Skirt-Midi-Maxy-Rok-Wanita-Korean-Terbaru-i.67693195.19012106414?sp_atk=f5e7ae25-ad04-4e86-8fc5-1cc3d81135e9&xptdk=f5e7ae25-ad04-4e86-8fc5-1cc3d81135e17
70,Tamara Skirt,3,Orderanya lama di kirim order dari 3 mar baru serang 11 mar datang dan salah lagi datangnya astagaa ,https://shopee.co.id/Tamara-Skirt-Rok-Serut-Casual-Korean-Look-Joseph-Skirt-Midi-Maxy-Rok-Wanita-Korean-Terbaru-i.67693195.19012106414?sp_atk=f5e7ae25-ad04-4e86-8fc5-1cc3d81135e9&xptdk=f5e7ae25-ad04-4e86-8fc5-1cc3d81135e18
71,Tamara Skirt,3,Pendek ya. dan terawang,https://shopee.co.id/Tamara-Skirt-Rok-Serut-Casual-Korean-Look-Joseph-Skirt-Midi-Maxy-Rok-Wanita-Korean-Terbaru-i.67693195.19012106414?sp_atk=f5e7ae25-ad04-4e86-8fc5-1cc3d81135e9&xptdk=f5e7ae25-ad04-4e86-8fc5-1cc3d81135e19
72,Tamara Skirt,3,Untuk TB dibawah 160cm ini cocok. wlpn emang sdkt krng pnjng. tpi emng modelnya gantung gtu. Dan klo dah ditarik tali serutnya jdi cakep bngt. Cuman warna nya yg hijau ini beda sm di foto. dan susah nyocokin sm atasan warna lain.,https://shopee.co.id/Tamara-Skirt-Rok-Serut-Casual-Korean-Look-Joseph-Skirt-Midi-Maxy-Rok-Wanita-Korean-Terbaru-i.67693195.19012106414?sp_atk=f5e7ae25-ad04-4e86-8fc5-1cc3d81135e9&xptdk=f5e7ae25-ad04-4e86-8fc5-1cc3d81135e20
73,Tamara Skirt,2,bagus dasarnyaa tapi ukuran nyaa tidak memuaskan kalo bagi akuu cuman smapeh lututtü•≤,https://shopee.co.id/Tamara-Skirt-Rok-Serut-Casual-Korean-Look-Joseph-Skirt-Midi-Maxy-Rok-Wanita-Korean-Terbaru-i.67693195.19012106414?sp_atk=f5e7ae25-ad04-4e86-8fc5-1cc3d81135e9&xptdk=f5e7ae25-ad04-4e86-8fc5-1cc3d81135e21
74,Tamara Skirt,2,Mohon maaf saya kan minta warna abu tua ko dikirim warna apaan ini dih gajelas banget,https://shopee.co.id/Tamara-Skirt-Rok-Serut-Casual-Korean-Look-Joseph-Skirt-Midi-Maxy-Rok-Wanita-Korean-Terbaru-i.67693195.19012106414?sp_atk=f5e7ae25-ad04-4e86-8fc5-1cc3d81135e9&xptdk=f5e7ae25-ad04-4e86-8fc5-1cc3d81135e22
75,Tamara Skirt,2,Harusnya lebih teliti lagi. itu ada nodanya kupikir di cuci bakal hilang. ehhh taunya malah ga bisaü•∫ kayak noda getah deh. mohon jadi seller yang amanah,https://shopee.co.id/Tamara-Skirt-Rok-Serut-Casual-Korean-Look-Joseph-Skirt-Midi-Maxy-Rok-Wanita-Korean-Terbaru-i.67693195.19012106414?sp_atk=f5e7ae25-ad04-4e86-8fc5-1cc3d81135e9&xptdk=f5e7ae25-ad04-4e86-8fc5-1cc3d81135e23
76,Tamara Skirt,2,gimana sih orang pesennya rok serut malah dikirim gamis malah kecil banget knp kok ngak amanah bange,https://shopee.co.id/Tamara-Skirt-Rok-Serut-Casual-Korean-Look-Joseph-Skirt-Midi-Maxy-Rok-Wanita-Korean-Terbaru-i.67693195.19012106414?sp_atk=f5e7ae25-ad04-4e86-8fc5-1cc3d81135e9&xptdk=f5e7ae25-ad04-4e86-8fc5-1cc3d81135e24
77,Tamara Skirt,1,Bahan ny gk bgus mna sobek lgi pas didepan ny gimna mau mke malu lh. brang jlek dikirim gimna sih,https://shopee.co.id/Tamara-Skirt-Rok-Serut-Casual-Korean-Look-Joseph-Skirt-Midi-Maxy-Rok-Wanita-Korean-Terbaru-i.67693195.19012106414?sp_atk=f5e7ae25-ad04-4e86-8fc5-1cc3d81135e9&xptdk=f5e7ae25-ad04-4e86-8fc5-1cc3d81135e25
78,Tamara Skirt,1,Barang jelek semua. kurirny pembohong gak mau antar paket ke alamat.dgn alasan sudah pulang.,https://shopee.co.id/Tamara-Skirt-Rok-Serut-Casual-Korean-Look-Joseph-Skirt-Midi-Maxy-Rok-Wanita-Korean-Terbaru-i.67693195.19012106414?sp_atk=f5e7ae25-ad04-4e86-8fc5-1cc3d81135e9&xptdk=f5e7ae25-ad04-4e86-8fc5-1cc3d81135e26
79,Tamara Skirt,1,Kecewa bgt ga sesuai gmbr:vüò≠üòê,https://shopee.co.id/Tamara-Skirt-Rok-Serut-Casual-Korean-Look-Joseph-Skirt-Midi-Maxy-Rok-Wanita-Korean-Terbaru-i.67693195.19012106414?sp_atk=f5e7ae25-ad04-4e86-8fc5-1cc3d81135e9&xptdk=f5e7ae25-ad04-4e86-8fc5-1cc3d81135e27
80,Tamara Skirt,1,pesan warna dusty pink malah kayak gini. beda bangett,https://shopee.co.id/Tamara-Skirt-Rok-Serut-Casual-Korean-Look-Joseph-Skirt-Midi-Maxy-Rok-Wanita-Korean-Terbaru-i.67693195.19012106414?sp_atk=f5e7ae25-ad04-4e86-8fc5-1cc3d81135e9&xptdk=f5e7ae25-ad04-4e86-8fc5-1cc3d81135e28
81,ROK TUTU MAXY MODEL HiGTH waist,5,Bagus bangetüò≠üëçbarang sesuai hargaüëçpkoknya best banget deh belanja disini....,https://shopee.co.id/TERBARU-TERLARIS-ROK-TUTU-MAXY-MODEL-HiGTH-waist-Lipat-bahan-mesh-Tulle-elastis-i.65240289.2632326730?sp_atk=9a87076a-3452-426d-a63a-7b0702c58158&xptdk=9a87076a-3452-426d-a63a-7b0702c58158
82,ROK TUTU MAXY MODEL HiGTH waist,5,Mantapüëçüèª sesuai yang di pesen‚ô•Ô∏èamanah ddeh pokoknya. Jangan ragu buat beli di toko ini yahhh,https://shopee.co.id/TERBARU-TERLARIS-ROK-TUTU-MAXY-MODEL-HiGTH-waist-Lipat-bahan-mesh-Tulle-elastis-i.65240289.2632326730?sp_atk=9a87076a-3452-426d-a63a-7b0702c58158&xptdk=9a87076a-3452-426d-a63a-7b0702c58159
83,ROK TUTU MAXY MODEL HiGTH waist,5,kereen.ajiip.mntaap üëçüëç pkoknya sukaaaa skli sm roknya.hrga murah tp ga murahan.tetimaksih shopee.terimakasih seller üòòüòò,https://shopee.co.id/TERBARU-TERLARIS-ROK-TUTU-MAXY-MODEL-HiGTH-waist-Lipat-bahan-mesh-Tulle-elastis-i.65240289.2632326730?sp_atk=9a87076a-3452-426d-a63a-7b0702c58158&xptdk=9a87076a-3452-426d-a63a-7b0702c58160
84,ROK TUTU MAXY MODEL HiGTH waist,5,Produknya bagus,https://shopee.co.id/TERBARU-TERLARIS-ROK-TUTU-MAXY-MODEL-HiGTH-waist-Lipat-bahan-mesh-Tulle-elastis-i.65240289.2632326730?sp_atk=9a87076a-3452-426d-a63a-7b0702c58158&xptdk=9a87076a-3452-426d-a63a-7b0702c58161
85,ROK TUTU MAXY MODEL HiGTH waist,4, ini barangnya udah sampe cepet si menurutku sumpa deh emng murah tapi ga murahan bahannya bagus kain dalemnya juga tebel jadi ga transparanüñ§üñ§üñ§‚ù§Ô∏è‚ù§Ô∏è,https://shopee.co.id/TERBARU-TERLARIS-ROK-TUTU-MAXY-MODEL-HiGTH-waist-Lipat-bahan-mesh-Tulle-elastis-i.65240289.2632326730?sp_atk=9a87076a-3452-426d-a63a-7b0702c58158&xptdk=9a87076a-3452-426d-a63a-7b0702c58162
86,ROK TUTU MAXY MODEL HiGTH waist,4,Daleman nya tipis banget.pdhal kain tutu nya udah Bagus. Gk bisa di pkek siang ini terawang.kukira GK setipis ini,https://shopee.co.id/TERBARU-TERLARIS-ROK-TUTU-MAXY-MODEL-HiGTH-waist-Lipat-bahan-mesh-Tulle-elastis-i.65240289.2632326730?sp_atk=9a87076a-3452-426d-a63a-7b0702c58158&xptdk=9a87076a-3452-426d-a63a-7b0702c58163
87,ROK TUTU MAXY MODEL HiGTH waist,4,Baguss udh 2x repeat . tapi yang ini ukurannya agak besar sih menurutku . bahannya tetep oke,https://shopee.co.id/TERBARU-TERLARIS-ROK-TUTU-MAXY-MODEL-HiGTH-waist-Lipat-bahan-mesh-Tulle-elastis-i.65240289.2632326730?sp_atk=9a87076a-3452-426d-a63a-7b0702c58158&xptdk=9a87076a-3452-426d-a63a-7b0702c58164
88,ROK TUTU MAXY MODEL HiGTH waist,4,Pengirimannya lamanya bun 1 minggu saya tunggu barang saya tapi ngk apa2 .barangnya bagus kainnya juga bagus tapi kain bagian dalamnya tipis sekali.ditingkatkan lagi kualitas bahannya jangan terlalu ketulusan,https://shopee.co.id/TERBARU-TERLARIS-ROK-TUTU-MAXY-MODEL-HiGTH-waist-Lipat-bahan-mesh-Tulle-elastis-i.65240289.2632326730?sp_atk=9a87076a-3452-426d-a63a-7b0702c58158&xptdk=9a87076a-3452-426d-a63a-7b0702c58165
89,ROK TUTU MAXY MODEL HiGTH waist,3,Kualitas produk lumayan okay. tapi ada beberapa jahitan yang tidak rapi. Semoga bisa menjadi evaluasi untuk kedepannya. Terima kasih. ,https://shopee.co.id/TERBARU-TERLARIS-ROK-TUTU-MAXY-MODEL-HiGTH-waist-Lipat-bahan-mesh-Tulle-elastis-i.65240289.2632326730?sp_atk=9a87076a-3452-426d-a63a-7b0702c58158&xptdk=9a87076a-3452-426d-a63a-7b0702c58166
90,ROK TUTU MAXY MODEL HiGTH waist,3,Warnanya cantik. kirim cepat. Suka banget makasih. ,https://shopee.co.id/TERBARU-TERLARIS-ROK-TUTU-MAXY-MODEL-HiGTH-waist-Lipat-bahan-mesh-Tulle-elastis-i.65240289.2632326730?sp_atk=9a87076a-3452-426d-a63a-7b0702c58158&xptdk=9a87076a-3452-426d-a63a-7b0702c58167
91,ROK TUTU MAXY MODEL HiGTH waist,3,Sangat kecewa. Pesan hitam 2 dan navy 1 malah yg dikirim Warna navy. hitam dab dusty pink.,https://shopee.co.id/TERBARU-TERLARIS-ROK-TUTU-MAXY-MODEL-HiGTH-waist-Lipat-bahan-mesh-Tulle-elastis-i.65240289.2632326730?sp_atk=9a87076a-3452-426d-a63a-7b0702c58158&xptdk=9a87076a-3452-426d-a63a-7b0702c58168
92,ROK TUTU MAXY MODEL HiGTH waist,3,Alhamdulillah barangnya dah nyampeüòÅ dengan aman juga cepat.. tapi barangnya agak nerawangüò¢ tdk apalah.. terimakasih kaüôè,https://shopee.co.id/TERBARU-TERLARIS-ROK-TUTU-MAXY-MODEL-HiGTH-waist-Lipat-bahan-mesh-Tulle-elastis-i.65240289.2632326730?sp_atk=9a87076a-3452-426d-a63a-7b0702c58158&xptdk=9a87076a-3452-426d-a63a-7b0702c58169
93,ROK TUTU MAXY MODEL HiGTH waist,2,Warna abu abu nya dalamannya pendek banget jahitan di sampingnya copot üò•üò´tapi warna yang lain baik hanya jahitan saja yang kurang rapiüòå,https://shopee.co.id/TERBARU-TERLARIS-ROK-TUTU-MAXY-MODEL-HiGTH-waist-Lipat-bahan-mesh-Tulle-elastis-i.65240289.2632326730?sp_atk=9a87076a-3452-426d-a63a-7b0702c58158&xptdk=9a87076a-3452-426d-a63a-7b0702c58170
94,ROK TUTU MAXY MODEL HiGTH waist,2,Aku pesan warna dusty putih sama abu ehhhhüôÑüôÑüôÑüôÑüôÑüôÑüôÑüôÑüôÑüôÑüôÑüôÑüôÑüôÑüôÑüôÑüôÑüôÑüôÑüôÑ datangnya mlh kek gitu dusty hitam sama putih gimana sih kk???????padahal itu untuk konsumen jadi nanggu rugi deh saya.trus ukuran ketiganya juga gak sama ada yg kecil ada yg kegedean dan sedikit nyesel pastinya,https://shopee.co.id/TERBARU-TERLARIS-ROK-TUTU-MAXY-MODEL-HiGTH-waist-Lipat-bahan-mesh-Tulle-elastis-i.65240289.2632326730?sp_atk=9a87076a-3452-426d-a63a-7b0702c58158&xptdk=9a87076a-3452-426d-a63a-7b0702c58171
95,ROK TUTU MAXY MODEL HiGTH waist,2,"entah mau comment apa. tile dengan outer nya misah gitu. beli 3 pcs tapi kayaknya bakal saya hibahin aja biar berfaedah. buat tinggi 165 - 170 (mungkin) bakal pas. 165 and under. you'll drown instantly. despite of the title is ""high waist"". pengiriman lama sekaleeeee",https://shopee.co.id/TERBARU-TERLARIS-ROK-TUTU-MAXY-MODEL-HiGTH-waist-Lipat-bahan-mesh-Tulle-elastis-i.65240289.2632326730?sp_atk=9a87076a-3452-426d-a63a-7b0702c58158&xptdk=9a87076a-3452-426d-a63a-7b0702c58172
96,ROK TUTU MAXY MODEL HiGTH waist,2,Pengiriman ya cepat dan aman .bahan nya tipis pas utk harga segitu,https://shopee.co.id/TERBARU-TERLARIS-ROK-TUTU-MAXY-MODEL-HiGTH-waist-Lipat-bahan-mesh-Tulle-elastis-i.65240289.2632326730?sp_atk=9a87076a-3452-426d-a63a-7b0702c58158&xptdk=9a87076a-3452-426d-a63a-7b0702c58173
97,ROK TUTU MAXY MODEL HiGTH waist,1,Yg warna hitam bagus.tapi kenapa yg coksu rusak gini? Kenapa rusak gini tetap di kirim? Astagaaa,https://shopee.co.id/TERBARU-TERLARIS-ROK-TUTU-MAXY-MODEL-HiGTH-waist-Lipat-bahan-mesh-Tulle-elastis-i.65240289.2632326730?sp_atk=9a87076a-3452-426d-a63a-7b0702c58158&xptdk=9a87076a-3452-426d-a63a-7b0702c58174
98,ROK TUTU MAXY MODEL HiGTH waist,1,Kecewa pol sama toko ini psennya apa dikirim apa bikin rugi. semoga gk diulangi ke costumer lain lah,https://shopee.co.id/TERBARU-TERLARIS-ROK-TUTU-MAXY-MODEL-HiGTH-waist-Lipat-bahan-mesh-Tulle-elastis-i.65240289.2632326730?sp_atk=9a87076a-3452-426d-a63a-7b0702c58158&xptdk=9a87076a-3452-426d-a63a-7b0702c58175
99,ROK TUTU MAXY MODEL HiGTH waist,1,Beli 2 dikirim 1 kita udah kembalikan barang... tetapi uang yg dikembalikan hny 1 pcs saja... barang sudah dikirim dan laporannya sampai dan diterima tapi penjual bilang barang ngak ada diterima.... parah banget... yah wes sy iklaskan semoga bermamfaat ya.... mgkin kamu lagi butuh... terima kasih,https://shopee.co.id/TERBARU-TERLARIS-ROK-TUTU-MAXY-MODEL-HiGTH-waist-Lipat-bahan-mesh-Tulle-elastis-i.65240289.2632326730?sp_atk=9a87076a-3452-426d-a63a-7b0702c58158&xptdk=9a87076a-3452-426d-a63a-7b0702c58176
100,ROK TUTU MAXY MODEL HiGTH waist,1,Produk tidak sesuai,https://shopee.co.id/TERBARU-TERLARIS-ROK-TUTU-MAXY-MODEL-HiGTH-waist-Lipat-bahan-mesh-Tulle-elastis-i.65240289.2632326730?sp_atk=9a87076a-3452-426d-a63a-7b0702c58158&xptdk=9a87076a-3452-426d-a63a-7b0702c58177
101,Rok Span Knitted,5,bagusss banget bahan tebal adem üòò sesuai ekspektasi üòÇüëçüëå,https://shopee.co.id/Rok-Span-Knitted-rok-span-tanpa-belahan-rok-span-skirt-hitam-rok-span-scuba-i.30690875.13837528414?sp_atk=264e5ee7-0573-452d-a543-6b74d0f7199d&xptdk=264e5ee7-0573-452d-a543-6b74d0f7199d
102,Rok Span Knitted,5,Alhamdulillah paketnya sudah sampai dengan selamat. Bahannya lumayan bagus dan nyaman dipakai. Ukurannya juga pas. terimakasih seller,https://shopee.co.id/Rok-Span-Knitted-rok-span-tanpa-belahan-rok-span-skirt-hitam-rok-span-scuba-i.30690875.13837528414?sp_atk=264e5ee7-0573-452d-a543-6b74d0f7199d&xptdk=264e5ee7-0573-452d-a543-6b74d0f7199d
103,Rok Span Knitted,5,nice. cm longgar kayanya ak salah pilih size,https://shopee.co.id/Rok-Span-Knitted-rok-span-tanpa-belahan-rok-span-skirt-hitam-rok-span-scuba-i.30690875.13837528414?sp_atk=264e5ee7-0573-452d-a543-6b74d0f7199d&xptdk=264e5ee7-0573-452d-a543-6b74d0f7199d
104,Rok Span Knitted,5,Keren bngtt bahan nya bagus bngtttt.cocok buat pergi2an.buat kerja juga ccok bngttt.packing rapih..terima kasih dan sukses selalu,https://shopee.co.id/Rok-Span-Knitted-rok-span-tanpa-belahan-rok-span-skirt-hitam-rok-span-scuba-i.30690875.13837528414?sp_atk=264e5ee7-0573-452d-a543-6b74d0f7199d&xptdk=264e5ee7-0573-452d-a543-6b74d0f7199d
105,Rok Span Knitted,4,tb 148 bb 44 pake rok ini kebesaran dikit di bagian pinggang. panjangnya juga lebih dikit tapi gapapa. bahannya jg bagus. ngga kasar. yang warna hitam mulus semua. tapi yy pink ada minusnya di jaitan bawah sih agak kurang rapih. proses pengiriman cepat juga,https://shopee.co.id/Rok-Span-Knitted-rok-span-tanpa-belahan-rok-span-skirt-hitam-rok-span-scuba-i.30690875.13837528414?sp_atk=264e5ee7-0573-452d-a543-6b74d0f7199d&xptdk=264e5ee7-0573-452d-a543-6b74d0f7199d
106,Rok Span Knitted,4,Maaf baru ngasi ulasan baru buka paket . lumayan semuanya tpi yg warna hitam lebih lebar dari pada yg 3 warna itu. Salah ukuran atau memang dri jahitnya yg kurang teliti. ,https://shopee.co.id/Rok-Span-Knitted-rok-span-tanpa-belahan-rok-span-skirt-hitam-rok-span-scuba-i.30690875.13837528414?sp_atk=264e5ee7-0573-452d-a543-6b74d0f7199d&xptdk=264e5ee7-0573-452d-a543-6b74d0f7199d
107,Rok Span Knitted,4,Untuk harga segini bagus banget. kainnya juga bagus jahitannya rapi. Ukurannya juga pas,https://shopee.co.id/Rok-Span-Knitted-rok-span-tanpa-belahan-rok-span-skirt-hitam-rok-span-scuba-i.30690875.13837528414?sp_atk=264e5ee7-0573-452d-a543-6b74d0f7199d&xptdk=264e5ee7-0573-452d-a543-6b74d0f7199d
108,Rok Span Knitted,4,Pengiriman cepat...paket sesuai  pesanan rok warna hitam...kualitas produk sesuai dg harga,https://shopee.co.id/Rok-Span-Knitted-rok-span-tanpa-belahan-rok-span-skirt-hitam-rok-span-scuba-i.30690875.13837528414?sp_atk=264e5ee7-0573-452d-a543-6b74d0f7199d&xptdk=264e5ee7-0573-452d-a543-6b74d0f7199d
109,Rok Span Knitted,3,Bagus banget roknya recomended banget pokoknya harganya juga terjangkau banget,https://shopee.co.id/Rok-Span-Knitted-rok-span-tanpa-belahan-rok-span-skirt-hitam-rok-span-scuba-i.30690875.13837528414?sp_atk=264e5ee7-0573-452d-a543-6b74d0f7199d&xptdk=264e5ee7-0573-452d-a543-6b74d0f7199d
110,Rok Span Knitted,3,Span putihnya sangat mengecewakan. banyak noda¬≤ nya tak bisa hilang atau gk,https://shopee.co.id/Rok-Span-Knitted-rok-span-tanpa-belahan-rok-span-skirt-hitam-rok-span-scuba-i.30690875.13837528414?sp_atk=264e5ee7-0573-452d-a543-6b74d0f7199d&xptdk=264e5ee7-0573-452d-a543-6b74d0f7199d
111,Rok Span Knitted,3,Bahan nya bagus. pengiriman nya lumayan cepat,https://shopee.co.id/Rok-Span-Knitted-rok-span-tanpa-belahan-rok-span-skirt-hitam-rok-span-scuba-i.30690875.13837528414?sp_atk=264e5ee7-0573-452d-a543-6b74d0f7199d&xptdk=264e5ee7-0573-452d-a543-6b74d0f7199d
112,Rok Span Knitted,3,lumayan bagus hanya jahitan kurang rapi.,https://shopee.co.id/Rok-Span-Knitted-rok-span-tanpa-belahan-rok-span-skirt-hitam-rok-span-scuba-i.30690875.13837528414?sp_atk=264e5ee7-0573-452d-a543-6b74d0f7199d&xptdk=264e5ee7-0573-452d-a543-6b74d0f7199d
113,Rok Span Knitted,2,Parah sih. Kapok belanja dsni,https://shopee.co.id/Rok-Span-Knitted-rok-span-tanpa-belahan-rok-span-skirt-hitam-rok-span-scuba-i.30690875.13837528414?sp_atk=264e5ee7-0573-452d-a543-6b74d0f7199d&xptdk=264e5ee7-0573-452d-a543-6b74d0f7199d
114,Rok Span Knitted,2,Maaf gk pake foto sebenarnya. Pas nyampe kaget banget. rok nya aku pesen ukuran M-L. pas di coba gk masuk dong di pinggul aku. ini sih cocoknya utk anak SD min. katanya di keterangan muat ampe bb 55. bb ku 47 aja gk muat. kecil banget. paha gk masuk. buat yg pengen beli aja ukuran L ke atas guys,https://shopee.co.id/Rok-Span-Knitted-rok-span-tanpa-belahan-rok-span-skirt-hitam-rok-span-scuba-i.30690875.13837528414?sp_atk=264e5ee7-0573-452d-a543-6b74d0f7199d&xptdk=264e5ee7-0573-452d-a543-6b74d0f7199d
115,Rok Span Knitted,2,Masa iya rok coret coret gini dijual kak!!!,https://shopee.co.id/Rok-Span-Knitted-rok-span-tanpa-belahan-rok-span-skirt-hitam-rok-span-scuba-i.30690875.13837528414?sp_atk=264e5ee7-0573-452d-a543-6b74d0f7199d&xptdk=264e5ee7-0573-452d-a543-6b74d0f7199d
116,Rok Span Knitted,2,tebal..nggk nerawang,https://shopee.co.id/Rok-Span-Knitted-rok-span-tanpa-belahan-rok-span-skirt-hitam-rok-span-scuba-i.30690875.13837528414?sp_atk=264e5ee7-0573-452d-a543-6b74d0f7199d&xptdk=264e5ee7-0573-452d-a543-6b74d0f7199d
117,Rok Span Knitted,1,Penjual slh kirim warna minta hitam mlh dikirim putih .minta kembalikan uang nya mlh pengajuan pengembalian dibatalkan .respon penjual nya juga gak bisa sopan /respon penjual tidak baik seenaknya saja üòí,https://shopee.co.id/Rok-Span-Knitted-rok-span-tanpa-belahan-rok-span-skirt-hitam-rok-span-scuba-i.30690875.13837528414?sp_atk=264e5ee7-0573-452d-a543-6b74d0f7199d&xptdk=264e5ee7-0573-452d-a543-6b74d0f7199d
118,Rok Span Knitted,1,iya si murah kena flash sale tapi ga dikirim yang cacat juga dong. sumpah baru kali ini dapet barang se fail itu. udah girang barang nyampe eh malah dapetnya barang rusak. mbokya ojo koyok ngno. padune orak weruh langsung terus mbok kai sing cacat. pingin heran tapi olshop.,https://shopee.co.id/Rok-Span-Knitted-rok-span-tanpa-belahan-rok-span-skirt-hitam-rok-span-scuba-i.30690875.13837528414?sp_atk=264e5ee7-0573-452d-a543-6b74d0f7199d&xptdk=264e5ee7-0573-452d-a543-6b74d0f7199d
119,Rok Span Knitted,1,Untuk rok nya lumayan untuk harga segitu. tapi tanggapan resseller nya buruk sekali pesanan yang salah amat tidak bisa di batalkan jadi saya bayar 2 kali,https://shopee.co.id/Rok-Span-Knitted-rok-span-tanpa-belahan-rok-span-skirt-hitam-rok-span-scuba-i.30690875.13837528414?sp_atk=264e5ee7-0573-452d-a543-6b74d0f7199d&xptdk=264e5ee7-0573-452d-a543-6b74d0f7199d
120,Rok Span Knitted,1,Barang jelek penjualan tidak amanah barang sudah di pakai di jual ,https://shopee.co.id/Rok-Span-Knitted-rok-span-tanpa-belahan-rok-span-skirt-hitam-rok-span-scuba-i.30690875.13837528414?sp_atk=264e5ee7-0573-452d-a543-6b74d0f7199d&xptdk=264e5ee7-0573-452d-a543-6b74d0f7199d
121,ROK MOTIF BUNGA SKIRT PANJANG ,5,pengiriman cepat bahan lumayan motif bagus wort it buat ootd,https://shopee.co.id/ROK-MOTIF-BUNGA-SKIRT-PANJANG-ROK-WANITA-A-LINE-FLORAL-SKIRT-VINTAGE-KOREAN-STYLE-KOREAN-SKIRT-FLORAL-SKIRT-i.556124414.19545783709?sp_atk=c41b0e44-8d65-4378-aabb-e188f8641fd7&xptdk=c41b0e44-8d65-4378-aabb-e188f8641fd7
122,ROK MOTIF BUNGA SKIRT PANJANG ,5,Bagus gemes motifnya suka banget üò≠tapi syng aga nerawang,https://shopee.co.id/ROK-MOTIF-BUNGA-SKIRT-PANJANG-ROK-WANITA-A-LINE-FLORAL-SKIRT-VINTAGE-KOREAN-STYLE-KOREAN-SKIRT-FLORAL-SKIRT-i.556124414.19545783709?sp_atk=c41b0e44-8d65-4378-aabb-e188f8641fd7&xptdk=c41b0e44-8d65-4378-aabb-e188f8641fd8
123,ROK MOTIF BUNGA SKIRT PANJANG ,5,cakep gemoi kek korea wkwk. tmn juga bnyk yg nanyain beli dimana rok nya. wkwk ntr mo beli warna lain deh hihi,https://shopee.co.id/ROK-MOTIF-BUNGA-SKIRT-PANJANG-ROK-WANITA-A-LINE-FLORAL-SKIRT-VINTAGE-KOREAN-STYLE-KOREAN-SKIRT-FLORAL-SKIRT-i.556124414.19545783709?sp_atk=c41b0e44-8d65-4378-aabb-e188f8641fd7&xptdk=c41b0e44-8d65-4378-aabb-e188f8641fd9
124,ROK MOTIF BUNGA SKIRT PANJANG ,5,Alhamdulillah roknya bagus. suka bnget sesuai ekspetasi. Harganya juga murce pengirimannya juga cepet. Recomended sih kata aku.,https://shopee.co.id/ROK-MOTIF-BUNGA-SKIRT-PANJANG-ROK-WANITA-A-LINE-FLORAL-SKIRT-VINTAGE-KOREAN-STYLE-KOREAN-SKIRT-FLORAL-SKIRT-i.556124414.19545783709?sp_atk=c41b0e44-8d65-4378-aabb-e188f8641fd7&xptdk=c41b0e44-8d65-4378-aabb-e188f8641fd10
125,ROK MOTIF BUNGA SKIRT PANJANG ,4,Bagus guys silahkan order,https://shopee.co.id/ROK-MOTIF-BUNGA-SKIRT-PANJANG-ROK-WANITA-A-LINE-FLORAL-SKIRT-VINTAGE-KOREAN-STYLE-KOREAN-SKIRT-FLORAL-SKIRT-i.556124414.19545783709?sp_atk=c41b0e44-8d65-4378-aabb-e188f8641fd7&xptdk=c41b0e44-8d65-4378-aabb-e188f8641fd11
126,ROK MOTIF BUNGA SKIRT PANJANG ,4,beneran ya.gue beli ini pas lagi kepepet banget gegara bentar lagi hari raya ied trs guenya masih belum beli baju dari kemarin kemarin. untung banget masih kebagian barangnya pas stoknya udah 3 pcs doang.beneran senengg wkwkwk ,https://shopee.co.id/ROK-MOTIF-BUNGA-SKIRT-PANJANG-ROK-WANITA-A-LINE-FLORAL-SKIRT-VINTAGE-KOREAN-STYLE-KOREAN-SKIRT-FLORAL-SKIRT-i.556124414.19545783709?sp_atk=c41b0e44-8d65-4378-aabb-e188f8641fd7&xptdk=c41b0e44-8d65-4378-aabb-e188f8641fd12
127,ROK MOTIF BUNGA SKIRT PANJANG ,4,Rok nya Lumayan....... Tp sayang jahitan nya tidak rapi. Bahannya biasa aja. Cocok untuk dirumah.,https://shopee.co.id/ROK-MOTIF-BUNGA-SKIRT-PANJANG-ROK-WANITA-A-LINE-FLORAL-SKIRT-VINTAGE-KOREAN-STYLE-KOREAN-SKIRT-FLORAL-SKIRT-i.556124414.19545783709?sp_atk=c41b0e44-8d65-4378-aabb-e188f8641fd7&xptdk=c41b0e44-8d65-4378-aabb-e188f8641fd13
128,ROK MOTIF BUNGA SKIRT PANJANG ,4,Bahan rada nerawang tpi ga terlalu tipis juga sesuai la sama.harga nya.. pengiriman rada lama melebihi estimensi nya‚Ä¶,https://shopee.co.id/ROK-MOTIF-BUNGA-SKIRT-PANJANG-ROK-WANITA-A-LINE-FLORAL-SKIRT-VINTAGE-KOREAN-STYLE-KOREAN-SKIRT-FLORAL-SKIRT-i.556124414.19545783709?sp_atk=c41b0e44-8d65-4378-aabb-e188f8641fd7&xptdk=c41b0e44-8d65-4378-aabb-e188f8641fd14
129,ROK MOTIF BUNGA SKIRT PANJANG ,3,untuk harga segtu worth it lah. trs aku heran nya kok rok nya bau bangett yaa. Ga kaya bau rok baru gtu kaya bau keringet. ini aku ciumin sm mamah ku juga gtu. tapi barang nya bagus minus di bagian pinggang nya kegedean di aku,https://shopee.co.id/ROK-MOTIF-BUNGA-SKIRT-PANJANG-ROK-WANITA-A-LINE-FLORAL-SKIRT-VINTAGE-KOREAN-STYLE-KOREAN-SKIRT-FLORAL-SKIRT-i.556124414.19545783709?sp_atk=c41b0e44-8d65-4378-aabb-e188f8641fd7&xptdk=c41b0e44-8d65-4378-aabb-e188f8641fd15
130,ROK MOTIF BUNGA SKIRT PANJANG ,3,Warna nya cakep cmn ukuran pinggang nya gede bgt ya di aku,https://shopee.co.id/ROK-MOTIF-BUNGA-SKIRT-PANJANG-ROK-WANITA-A-LINE-FLORAL-SKIRT-VINTAGE-KOREAN-STYLE-KOREAN-SKIRT-FLORAL-SKIRT-i.556124414.19545783709?sp_atk=c41b0e44-8d65-4378-aabb-e188f8641fd7&xptdk=c41b0e44-8d65-4378-aabb-e188f8641fd16
131,ROK MOTIF BUNGA SKIRT PANJANG ,3,Bahannya panas dan tipis. pengiriman lama. kurang puas‚Ä¶,https://shopee.co.id/ROK-MOTIF-BUNGA-SKIRT-PANJANG-ROK-WANITA-A-LINE-FLORAL-SKIRT-VINTAGE-KOREAN-STYLE-KOREAN-SKIRT-FLORAL-SKIRT-i.556124414.19545783709?sp_atk=c41b0e44-8d65-4378-aabb-e188f8641fd7&xptdk=c41b0e44-8d65-4378-aabb-e188f8641fd17
132,ROK MOTIF BUNGA SKIRT PANJANG ,3,Padahal sudah senang sama rok nyaa cantik. pas di coba eehh resleting nyaa malah lepas kayak ginii,https://shopee.co.id/ROK-MOTIF-BUNGA-SKIRT-PANJANG-ROK-WANITA-A-LINE-FLORAL-SKIRT-VINTAGE-KOREAN-STYLE-KOREAN-SKIRT-FLORAL-SKIRT-i.556124414.19545783709?sp_atk=c41b0e44-8d65-4378-aabb-e188f8641fd7&xptdk=c41b0e44-8d65-4378-aabb-e188f8641fd18
133,ROK MOTIF BUNGA SKIRT PANJANG ,2,Ga sesuai pesanan,https://shopee.co.id/ROK-MOTIF-BUNGA-SKIRT-PANJANG-ROK-WANITA-A-LINE-FLORAL-SKIRT-VINTAGE-KOREAN-STYLE-KOREAN-SKIRT-FLORAL-SKIRT-i.556124414.19545783709?sp_atk=c41b0e44-8d65-4378-aabb-e188f8641fd7&xptdk=c41b0e44-8d65-4378-aabb-e188f8641fd19
134,ROK MOTIF BUNGA SKIRT PANJANG ,2,roknya tipis banget pada hal udh warna hitam jahitannya juga gak rapih,https://shopee.co.id/ROK-MOTIF-BUNGA-SKIRT-PANJANG-ROK-WANITA-A-LINE-FLORAL-SKIRT-VINTAGE-KOREAN-STYLE-KOREAN-SKIRT-FLORAL-SKIRT-i.556124414.19545783709?sp_atk=c41b0e44-8d65-4378-aabb-e188f8641fd7&xptdk=c41b0e44-8d65-4378-aabb-e188f8641fd20
135,ROK MOTIF BUNGA SKIRT PANJANG ,2,mesen yg wrna denim sm cremy. yg dteng mlah denim sm grey kecewa bgtt,https://shopee.co.id/ROK-MOTIF-BUNGA-SKIRT-PANJANG-ROK-WANITA-A-LINE-FLORAL-SKIRT-VINTAGE-KOREAN-STYLE-KOREAN-SKIRT-FLORAL-SKIRT-i.556124414.19545783709?sp_atk=c41b0e44-8d65-4378-aabb-e188f8641fd7&xptdk=c41b0e44-8d65-4378-aabb-e188f8641fd21
136,ROK MOTIF BUNGA SKIRT PANJANG ,2,bagus bnget sngt recommended buat kalian suka sama korean staylesü§çü§ç,https://shopee.co.id/ROK-MOTIF-BUNGA-SKIRT-PANJANG-ROK-WANITA-A-LINE-FLORAL-SKIRT-VINTAGE-KOREAN-STYLE-KOREAN-SKIRT-FLORAL-SKIRT-i.556124414.19545783709?sp_atk=c41b0e44-8d65-4378-aabb-e188f8641fd7&xptdk=c41b0e44-8d65-4378-aabb-e188f8641fd22
137,ROK MOTIF BUNGA SKIRT PANJANG ,1,Respon penjual buruk,https://shopee.co.id/ROK-MOTIF-BUNGA-SKIRT-PANJANG-ROK-WANITA-A-LINE-FLORAL-SKIRT-VINTAGE-KOREAN-STYLE-KOREAN-SKIRT-FLORAL-SKIRT-i.556124414.19545783709?sp_atk=c41b0e44-8d65-4378-aabb-e188f8641fd7&xptdk=c41b0e44-8d65-4378-aabb-e188f8641fd23
138,ROK MOTIF BUNGA SKIRT PANJANG ,1,jahitannya kurang rapi,https://shopee.co.id/ROK-MOTIF-BUNGA-SKIRT-PANJANG-ROK-WANITA-A-LINE-FLORAL-SKIRT-VINTAGE-KOREAN-STYLE-KOREAN-SKIRT-FLORAL-SKIRT-i.556124414.19545783709?sp_atk=c41b0e44-8d65-4378-aabb-e188f8641fd7&xptdk=c41b0e44-8d65-4378-aabb-e188f8641fd24
139,ROK MOTIF BUNGA SKIRT PANJANG ,1,Barang tidak dikirim sesuai jumlah,https://shopee.co.id/ROK-MOTIF-BUNGA-SKIRT-PANJANG-ROK-WANITA-A-LINE-FLORAL-SKIRT-VINTAGE-KOREAN-STYLE-KOREAN-SKIRT-FLORAL-SKIRT-i.556124414.19545783709?sp_atk=c41b0e44-8d65-4378-aabb-e188f8641fd7&xptdk=c41b0e44-8d65-4378-aabb-e188f8641fd25
140,ROK MOTIF BUNGA SKIRT PANJANG ,1,Produk yang dikirim cacat,https://shopee.co.id/ROK-MOTIF-BUNGA-SKIRT-PANJANG-ROK-WANITA-A-LINE-FLORAL-SKIRT-VINTAGE-KOREAN-STYLE-KOREAN-SKIRT-FLORAL-SKIRT-i.556124414.19545783709?sp_atk=c41b0e44-8d65-4378-aabb-e188f8641fd7&xptdk=c41b0e44-8d65-4378-aabb-e188f8641fd26
141,ROK PENSIL RAJUT,5,Bner bner bagus si dengan harga segitu bisa dapet rajut yg tebel banget Oke deh pkoknya ga ngecewain,https://shopee.co.id/BISA-COD-ROK-RAJUT-SPAN-PENSIL-ROK-PENSIL-RAJUT-ROK-PANJANG-90-CM-ROK-MAXI-i.173451861.15134253769?sp_atk=be02120e-f9e2-4e7b-b2af-402de6e75cc4&xptdk=be02120e-f9e2-4e7b-b2af-402de6e75cc4
142,ROK PENSIL RAJUT,5,Harga sangat terjangkau. pengemasan cepat dan rapi. Next order lagi deh,https://shopee.co.id/BISA-COD-ROK-RAJUT-SPAN-PENSIL-ROK-PENSIL-RAJUT-ROK-PANJANG-90-CM-ROK-MAXI-i.173451861.15134253769?sp_atk=be02120e-f9e2-4e7b-b2af-402de6e75cc4&xptdk=be02120e-f9e2-4e7b-b2af-402de6e75cc5
143,ROK PENSIL RAJUT,5,Barang nya mantep ok. Pas banget. Pokonya mantul. Puas banget,https://shopee.co.id/BISA-COD-ROK-RAJUT-SPAN-PENSIL-ROK-PENSIL-RAJUT-ROK-PANJANG-90-CM-ROK-MAXI-i.173451861.15134253769?sp_atk=be02120e-f9e2-4e7b-b2af-402de6e75cc4&xptdk=be02120e-f9e2-4e7b-b2af-402de6e75cc6
144,ROK PENSIL RAJUT,5,Bagus kok tebal. ga keliatan kalo harganya murah...keceh pokoknya. Auto beli warna lain dong ini. Makasi seller bagus deh ni,https://shopee.co.id/BISA-COD-ROK-RAJUT-SPAN-PENSIL-ROK-PENSIL-RAJUT-ROK-PANJANG-90-CM-ROK-MAXI-i.173451861.15134253769?sp_atk=be02120e-f9e2-4e7b-b2af-402de6e75cc4&xptdk=be02120e-f9e2-4e7b-b2af-402de6e75cc7
145,ROK PENSIL RAJUT,4,bagus rok rajut nya pengiriman juga cepet thanks seller ü•∞ semoga tambah laris üëç,https://shopee.co.id/BISA-COD-ROK-RAJUT-SPAN-PENSIL-ROK-PENSIL-RAJUT-ROK-PANJANG-90-CM-ROK-MAXI-i.173451861.15134253769?sp_atk=be02120e-f9e2-4e7b-b2af-402de6e75cc4&xptdk=be02120e-f9e2-4e7b-b2af-402de6e75cc8
146,ROK PENSIL RAJUT,4,Mff ak ganti ulasanya ..ak baru ngeuh trnyata jaitanya kurang kenceng ..ini jaitanya kek longgar,https://shopee.co.id/BISA-COD-ROK-RAJUT-SPAN-PENSIL-ROK-PENSIL-RAJUT-ROK-PANJANG-90-CM-ROK-MAXI-i.173451861.15134253769?sp_atk=be02120e-f9e2-4e7b-b2af-402de6e75cc4&xptdk=be02120e-f9e2-4e7b-b2af-402de6e75cc9
147,ROK PENSIL RAJUT,4,barang sampai dengan aman pengiriman cepat.warna sesuai cuma pas Dateng agak lembab gitu padahal packaging nya gak ada yg sobek selebihnya oke thank you,https://shopee.co.id/BISA-COD-ROK-RAJUT-SPAN-PENSIL-ROK-PENSIL-RAJUT-ROK-PANJANG-90-CM-ROK-MAXI-i.173451861.15134253769?sp_atk=be02120e-f9e2-4e7b-b2af-402de6e75cc4&xptdk=be02120e-f9e2-4e7b-b2af-402de6e75cc10
148,ROK PENSIL RAJUT,4,Lumayan sesuai dengan harganya dan tidak terlalu tipis,https://shopee.co.id/BISA-COD-ROK-RAJUT-SPAN-PENSIL-ROK-PENSIL-RAJUT-ROK-PANJANG-90-CM-ROK-MAXI-i.173451861.15134253769?sp_atk=be02120e-f9e2-4e7b-b2af-402de6e75cc4&xptdk=be02120e-f9e2-4e7b-b2af-402de6e75cc11
149,ROK PENSIL RAJUT,3,banyak kotor ny harus ny lebih teliti lagi soalnya kan kl wrn putih keliatan bgt‚Ä¶,https://shopee.co.id/BISA-COD-ROK-RAJUT-SPAN-PENSIL-ROK-PENSIL-RAJUT-ROK-PANJANG-90-CM-ROK-MAXI-i.173451861.15134253769?sp_atk=be02120e-f9e2-4e7b-b2af-402de6e75cc4&xptdk=be02120e-f9e2-4e7b-b2af-402de6e75cc12
150,ROK PENSIL RAJUT,3,untuk warna abu-abu nya kekecilan. ngatung di bb 56 tb 161. pengiriman lama ini 2 minggu lebih baru smpe,https://shopee.co.id/BISA-COD-ROK-RAJUT-SPAN-PENSIL-ROK-PENSIL-RAJUT-ROK-PANJANG-90-CM-ROK-MAXI-i.173451861.15134253769?sp_atk=be02120e-f9e2-4e7b-b2af-402de6e75cc4&xptdk=be02120e-f9e2-4e7b-b2af-402de6e75cc13
151,ROK PENSIL RAJUT,3,Alhamdulillah nyampe dengan baik tapi kecewa gak sama seperti digambar kuning nya,https://shopee.co.id/BISA-COD-ROK-RAJUT-SPAN-PENSIL-ROK-PENSIL-RAJUT-ROK-PANJANG-90-CM-ROK-MAXI-i.173451861.15134253769?sp_atk=be02120e-f9e2-4e7b-b2af-402de6e75cc4&xptdk=be02120e-f9e2-4e7b-b2af-402de6e75cc14
152,ROK PENSIL RAJUT,3,Sebenernya bagus. cuma yang putih ini warnanya seperti kain putih kotor gitu. putih bersih udah jelas bukan. bw juga bukan gitu. terus ada garisnya. ada kotornya juga. sedih bgt:(,https://shopee.co.id/BISA-COD-ROK-RAJUT-SPAN-PENSIL-ROK-PENSIL-RAJUT-ROK-PANJANG-90-CM-ROK-MAXI-i.173451861.15134253769?sp_atk=be02120e-f9e2-4e7b-b2af-402de6e75cc4&xptdk=be02120e-f9e2-4e7b-b2af-402de6e75cc15
153,ROK PENSIL RAJUT,2,Lah kok pendek.. sy kan pesen yg panjang.. waduh udah lama ternyata salah..  kecewa. Ga bakalan lagi belanja ke toko ini,https://shopee.co.id/BISA-COD-ROK-RAJUT-SPAN-PENSIL-ROK-PENSIL-RAJUT-ROK-PANJANG-90-CM-ROK-MAXI-i.173451861.15134253769?sp_atk=be02120e-f9e2-4e7b-b2af-402de6e75cc4&xptdk=be02120e-f9e2-4e7b-b2af-402de6e75cc16
154,ROK PENSIL RAJUT,2,Oke oke aja si cuma masalah warna,https://shopee.co.id/BISA-COD-ROK-RAJUT-SPAN-PENSIL-ROK-PENSIL-RAJUT-ROK-PANJANG-90-CM-ROK-MAXI-i.173451861.15134253769?sp_atk=be02120e-f9e2-4e7b-b2af-402de6e75cc4&xptdk=be02120e-f9e2-4e7b-b2af-402de6e75cc17
155,ROK PENSIL RAJUT,2,Mengecewakan CO wrna cream malah dikirim warna ini. pengiriman lama klo gak di chat admin gak bakal dikirim pesananya wrna peaanan tidak sesuai yang dikirim,https://shopee.co.id/BISA-COD-ROK-RAJUT-SPAN-PENSIL-ROK-PENSIL-RAJUT-ROK-PANJANG-90-CM-ROK-MAXI-i.173451861.15134253769?sp_atk=be02120e-f9e2-4e7b-b2af-402de6e75cc4&xptdk=be02120e-f9e2-4e7b-b2af-402de6e75cc18
156,ROK PENSIL RAJUT,2,1.roknya yg abu sobek.gk bs dpke. 2.psan warna mint yg dtng warna army'. 3.jahtan dbgian pinggang amburadul. 4.sdh berusaha pengen ajukn pengemblian brang tpi tdk bsa di klik. respon penjual ok minta maaf brkali2 dan suruh retur brang. tpi apkh dngn mnta maaf bsa mengobati rasa kecewa sya.NYESAL,https://shopee.co.id/BISA-COD-ROK-RAJUT-SPAN-PENSIL-ROK-PENSIL-RAJUT-ROK-PANJANG-90-CM-ROK-MAXI-i.173451861.15134253769?sp_atk=be02120e-f9e2-4e7b-b2af-402de6e75cc4&xptdk=be02120e-f9e2-4e7b-b2af-402de6e75cc19
157,ROK PENSIL RAJUT,1,Pesan 4 di kirim 1 di chat ngak di balas,https://shopee.co.id/BISA-COD-ROK-RAJUT-SPAN-PENSIL-ROK-PENSIL-RAJUT-ROK-PANJANG-90-CM-ROK-MAXI-i.173451861.15134253769?sp_atk=be02120e-f9e2-4e7b-b2af-402de6e75cc4&xptdk=be02120e-f9e2-4e7b-b2af-402de6e75cc20
158,ROK PENSIL RAJUT,1,Salah warna pilih cream ganti pink tanpa konfirm padahal buat acara di chat juga ga respon sungguh tak bertanggung jawab,https://shopee.co.id/BISA-COD-ROK-RAJUT-SPAN-PENSIL-ROK-PENSIL-RAJUT-ROK-PANJANG-90-CM-ROK-MAXI-i.173451861.15134253769?sp_atk=be02120e-f9e2-4e7b-b2af-402de6e75cc4&xptdk=be02120e-f9e2-4e7b-b2af-402de6e75cc21
159,ROK PENSIL RAJUT,1,Barang rusak di kirim. Ga sesuai dgn ekspektasi. harganya murah sih. sesuai dgn kualitasnya. Di chat juga ga respon dgn baik sellernya.,https://shopee.co.id/BISA-COD-ROK-RAJUT-SPAN-PENSIL-ROK-PENSIL-RAJUT-ROK-PANJANG-90-CM-ROK-MAXI-i.173451861.15134253769?sp_atk=be02120e-f9e2-4e7b-b2af-402de6e75cc4&xptdk=be02120e-f9e2-4e7b-b2af-402de6e75cc22
160,ROK PENSIL RAJUT,1,Bahannya kotor. semoga aja bisa ilang nnti dicuci.. kalo gak bisa ilang yauda akunya rugiüòë,https://shopee.co.id/BISA-COD-ROK-RAJUT-SPAN-PENSIL-ROK-PENSIL-RAJUT-ROK-PANJANG-90-CM-ROK-MAXI-i.173451861.15134253769?sp_atk=be02120e-f9e2-4e7b-b2af-402de6e75cc4&xptdk=be02120e-f9e2-4e7b-b2af-402de6e75cc23
161,rok polka L-XL-XXL,5,bagus banget rok nyaüñ§ btw aku 160/55 dan ternyata masih longgar dong ambil xxl. cuma lama banget di pengemasan nya,https://shopee.co.id/rok-polka-L-XL-XXL-rok-panjang-wanita-bermotif-polkadot-kecil-i.79010392.11868411392?sp_atk=29a71726-de57-41a4-a33b-58dd08e26e3a&xptdk=29a71726-de57-41a4-a33b-58dd08e26e3a
162,rok polka L-XL-XXL,5,Halussss kece badai SLEBEWWEEE ü§£ü§£ü§£,https://shopee.co.id/rok-polka-L-XL-XXL-rok-panjang-wanita-bermotif-polkadot-kecil-i.79010392.11868411392?sp_atk=29a71726-de57-41a4-a33b-58dd08e26e3a&xptdk=29a71726-de57-41a4-a33b-58dd08e26e3a
163,rok polka L-XL-XXL,5,Pengirimn agak lambat. but its okee. bcs rok ny bgt dan hrga ny jg work it sekalii. ini mah cbl cbl cntk bgt lohh,https://shopee.co.id/rok-polka-L-XL-XXL-rok-panjang-wanita-bermotif-polkadot-kecil-i.79010392.11868411392?sp_atk=29a71726-de57-41a4-a33b-58dd08e26e3a&xptdk=29a71726-de57-41a4-a33b-58dd08e26e3a
164,rok polka L-XL-XXL,5,ternyata agak kecil buat aku yg kurus ini. gapapa sih bagus bagus aja,https://shopee.co.id/rok-polka-L-XL-XXL-rok-panjang-wanita-bermotif-polkadot-kecil-i.79010392.11868411392?sp_atk=29a71726-de57-41a4-a33b-58dd08e26e3a&xptdk=29a71726-de57-41a4-a33b-58dd08e26e3a
165,rok polka L-XL-XXL,4,Bahan jatuh tidak mudah kusut. di sarankan untuk pakai legging si ya soalnya nerawang. untuk harga worit banget si iniüòç untuk BB 47 TB 159 agak ngatung si,https://shopee.co.id/rok-polka-L-XL-XXL-rok-panjang-wanita-bermotif-polkadot-kecil-i.79010392.11868411392?sp_atk=29a71726-de57-41a4-a33b-58dd08e26e3a&xptdk=29a71726-de57-41a4-a33b-58dd08e26e3a
166,rok polka L-XL-XXL,4,Barang sesuai dengan pesanan tidak ada yang cacat. Jahitan nya rapi. Lumayan harga segini ga nerawang.,https://shopee.co.id/rok-polka-L-XL-XXL-rok-panjang-wanita-bermotif-polkadot-kecil-i.79010392.11868411392?sp_atk=29a71726-de57-41a4-a33b-58dd08e26e3a&xptdk=29a71726-de57-41a4-a33b-58dd08e26e3a
167,rok polka L-XL-XXL,4,Pengiriman cepat banget sih,https://shopee.co.id/rok-polka-L-XL-XXL-rok-panjang-wanita-bermotif-polkadot-kecil-i.79010392.11868411392?sp_atk=29a71726-de57-41a4-a33b-58dd08e26e3a&xptdk=29a71726-de57-41a4-a33b-58dd08e26e3a
168,rok polka L-XL-XXL,4,Gemes banget. pas untuk tinggi 153 ga kepanjangan atau kependekan. kualitas sesuai harga tapi sukaaaa,https://shopee.co.id/rok-polka-L-XL-XXL-rok-panjang-wanita-bermotif-polkadot-kecil-i.79010392.11868411392?sp_atk=29a71726-de57-41a4-a33b-58dd08e26e3a&xptdk=29a71726-de57-41a4-a33b-58dd08e26e3a
169,rok polka L-XL-XXL,3,Sejauh ini bahanya baguss..cuna nerawan ajaaüò≠üôèüèª sayang  bangettüò≠.  Samaa kurirnya lama bangett datengnyaaüëéüèª,https://shopee.co.id/rok-polka-L-XL-XXL-rok-panjang-wanita-bermotif-polkadot-kecil-i.79010392.11868411392?sp_atk=29a71726-de57-41a4-a33b-58dd08e26e3a&xptdk=29a71726-de57-41a4-a33b-58dd08e26e3a
170,rok polka L-XL-XXL,3,Menurut saya tidak sesuai harga yah. kain tipis. Gak terlalu panjang. jadinya tagantung. Tidak sesuai pikiranku kainnya. Kurang sukak. makasih seller. Ma'füôè,https://shopee.co.id/rok-polka-L-XL-XXL-rok-panjang-wanita-bermotif-polkadot-kecil-i.79010392.11868411392?sp_atk=29a71726-de57-41a4-a33b-58dd08e26e3a&xptdk=29a71726-de57-41a4-a33b-58dd08e26e3a
171,rok polka L-XL-XXL,3,barangnya bagus tapi sayangnya ukuran XL agak kecil,https://shopee.co.id/rok-polka-L-XL-XXL-rok-panjang-wanita-bermotif-polkadot-kecil-i.79010392.11868411392?sp_atk=29a71726-de57-41a4-a33b-58dd08e26e3a&xptdk=29a71726-de57-41a4-a33b-58dd08e26e3a
172,rok polka L-XL-XXL,3,nerawang poll. tapi bahanya halus banget.jaitanya juga rapih,https://shopee.co.id/rok-polka-L-XL-XXL-rok-panjang-wanita-bermotif-polkadot-kecil-i.79010392.11868411392?sp_atk=29a71726-de57-41a4-a33b-58dd08e26e3a&xptdk=29a71726-de57-41a4-a33b-58dd08e26e3a
173,rok polka L-XL-XXL,2,Bahannya tipiss bgt. Bingung mo makenyaa kalo nerawang. Ya Ampun serasa penari tiang we ;(. So sad. ga  bisa dipake ngampus. Kecewa hua ;(,https://shopee.co.id/rok-polka-L-XL-XXL-rok-panjang-wanita-bermotif-polkadot-kecil-i.79010392.11868411392?sp_atk=29a71726-de57-41a4-a33b-58dd08e26e3a&xptdk=29a71726-de57-41a4-a33b-58dd08e26e3a
174,rok polka L-XL-XXL,2,Sayang sekali penjual tidak memperhatikan barang yg akan di kirim saya dapat rok yang robeküòímaaf sy kasih bintang 2,https://shopee.co.id/rok-polka-L-XL-XXL-rok-panjang-wanita-bermotif-polkadot-kecil-i.79010392.11868411392?sp_atk=29a71726-de57-41a4-a33b-58dd08e26e3a&xptdk=29a71726-de57-41a4-a33b-58dd08e26e3a
175,rok polka L-XL-XXL,2,"Kecewaaa sekali...pjg rok nya kiri dan kanan berbeda. Yg kanan lebih pjg dan bentuknya jg beda kanan dan kiri. ini baru yg namanya ""Hrg Murah Brg nya Murahan ""  bahan nya tipis banget s x cuci dgn mesin cuci hancur langsung.  Oh...my God",https://shopee.co.id/rok-polka-L-XL-XXL-rok-panjang-wanita-bermotif-polkadot-kecil-i.79010392.11868411392?sp_atk=29a71726-de57-41a4-a33b-58dd08e26e3a&xptdk=29a71726-de57-41a4-a33b-58dd08e26e3a
176,rok polka L-XL-XXL,2,Maaf yaa seller.agak kecewa.pengirimannya lama bgt.dan barang nympe jg gk ssuai ekspktasi.uk xxl trnyata pndek y buat tb 160:( jaitanny kurng rapi jgüôèüèª,https://shopee.co.id/rok-polka-L-XL-XXL-rok-panjang-wanita-bermotif-polkadot-kecil-i.79010392.11868411392?sp_atk=29a71726-de57-41a4-a33b-58dd08e26e3a&xptdk=29a71726-de57-41a4-a33b-58dd08e26e3a
177,rok polka L-XL-XXL,1,Jauh sm ekspetasikuü•∫ jahitan bawahnya pada tegang . banyak noda kuning . trs ngatung juga pdhal liat ulasan yg lain pada bagus2,https://shopee.co.id/rok-polka-L-XL-XXL-rok-panjang-wanita-bermotif-polkadot-kecil-i.79010392.11868411392?sp_atk=29a71726-de57-41a4-a33b-58dd08e26e3a&xptdk=29a71726-de57-41a4-a33b-58dd08e26e3a
178,rok polka L-XL-XXL,1,Roknya tipis bgt. panjang roknya cmn 87 beda sm yg dideskripai 90. jahitannya jg kurang rapi padahal niat awal beli mau dipakai buat kuliahüòë,https://shopee.co.id/rok-polka-L-XL-XXL-rok-panjang-wanita-bermotif-polkadot-kecil-i.79010392.11868411392?sp_atk=29a71726-de57-41a4-a33b-58dd08e26e3a&xptdk=29a71726-de57-41a4-a33b-58dd08e26e3a
179,rok polka L-XL-XXL,1,Bagus sihh pengirimannya juga kilattt.... BUT. pas mau di resletingin SUSAH BGTT AND FINALLY RUSAKüò§üò§,https://shopee.co.id/rok-polka-L-XL-XXL-rok-panjang-wanita-bermotif-polkadot-kecil-i.79010392.11868411392?sp_atk=29a71726-de57-41a4-a33b-58dd08e26e3a&xptdk=29a71726-de57-41a4-a33b-58dd08e26e3a
180,rok polka L-XL-XXL,1,Kecewa bngt beda sama yg pertama mesen wrna buluk tidak seperti baru.jahitan bawah kurang rapih jadi kalo dipake sebelah tinggi sebelah engga hmm jd kurang pede buat make nya:))),https://shopee.co.id/rok-polka-L-XL-XXL-rok-panjang-wanita-bermotif-polkadot-kecil-i.79010392.11868411392?sp_atk=29a71726-de57-41a4-a33b-58dd08e26e3a&xptdk=29a71726-de57-41a4-a33b-58dd08e26e3a
181,JEANS ROK BUTON ROK JEANS DENIM ROK KANCING,5,Agak tipis untuk ukuran jeans denim. tapi masih oke. So far so good. Adek suka sih ini. Ngepas banget untuk ukuran bb 37 tinggi 139.,https://shopee.co.id/JEANS-ROK-BUTON-ROK-JEANS-DENIM-ROK-KANCING-i.309297326.10410538382?sp_atk=d1c798da-b260-464a-a5f9-6a8a1072f8da&xptdk=d1c798da-b260-464a-a5f9-6a8a1072f8da
182,JEANS ROK BUTON ROK JEANS DENIM ROK KANCING,5,Alhamdulillah pesanan datang sesuai poto. bagus kainya nggak tebel dan nggak kaku nyaman di pakai... sayang nya kegedean q milihnya. semoga tokonya makin sukses. makasiiih,https://shopee.co.id/JEANS-ROK-BUTON-ROK-JEANS-DENIM-ROK-KANCING-i.309297326.10410538382?sp_atk=d1c798da-b260-464a-a5f9-6a8a1072f8da&xptdk=d1c798da-b260-464a-a5f9-6a8a1072f8da
183,JEANS ROK BUTON ROK JEANS DENIM ROK KANCING,5,Cantik sangat murah di pasar di sini hmpir 150han.syuka pokonamah makasih Shopee udah baiküòçüòçüòç‚ù§Ô∏è,https://shopee.co.id/JEANS-ROK-BUTON-ROK-JEANS-DENIM-ROK-KANCING-i.309297326.10410538382?sp_atk=d1c798da-b260-464a-a5f9-6a8a1072f8da&xptdk=d1c798da-b260-464a-a5f9-6a8a1072f8da
184,JEANS ROK BUTON ROK JEANS DENIM ROK KANCING,5,Alhamdulillah barang sudah sampai.Recommended banget sih ini rok nya.murah tapi gak murahan.pengirimannya juga cepat.penjual fast respon,https://shopee.co.id/JEANS-ROK-BUTON-ROK-JEANS-DENIM-ROK-KANCING-i.309297326.10410538382?sp_atk=d1c798da-b260-464a-a5f9-6a8a1072f8da&xptdk=d1c798da-b260-464a-a5f9-6a8a1072f8da
185,JEANS ROK BUTON ROK JEANS DENIM ROK KANCING,4,Panjang roknya 79 cm bukan 90,https://shopee.co.id/JEANS-ROK-BUTON-ROK-JEANS-DENIM-ROK-KANCING-i.309297326.10410538382?sp_atk=d1c798da-b260-464a-a5f9-6a8a1072f8da&xptdk=d1c798da-b260-464a-a5f9-6a8a1072f8da
186,JEANS ROK BUTON ROK JEANS DENIM ROK KANCING,4,Pad panjang nya. pas besarnya. Pas lah pokok nya,https://shopee.co.id/JEANS-ROK-BUTON-ROK-JEANS-DENIM-ROK-KANCING-i.309297326.10410538382?sp_atk=d1c798da-b260-464a-a5f9-6a8a1072f8da&xptdk=d1c798da-b260-464a-a5f9-6a8a1072f8da
187,JEANS ROK BUTON ROK JEANS DENIM ROK KANCING,4,Pengiriman cepat.barang bagus.ini rok nya beneran bagus sih untuk harga sgtu,https://shopee.co.id/JEANS-ROK-BUTON-ROK-JEANS-DENIM-ROK-KANCING-i.309297326.10410538382?sp_atk=d1c798da-b260-464a-a5f9-6a8a1072f8da&xptdk=d1c798da-b260-464a-a5f9-6a8a1072f8da
188,JEANS ROK BUTON ROK JEANS DENIM ROK KANCING,4,Lama banget pengirimannya.,https://shopee.co.id/JEANS-ROK-BUTON-ROK-JEANS-DENIM-ROK-KANCING-i.309297326.10410538382?sp_atk=d1c798da-b260-464a-a5f9-6a8a1072f8da&xptdk=d1c798da-b260-464a-a5f9-6a8a1072f8da
189,JEANS ROK BUTON ROK JEANS DENIM ROK KANCING,3,Liat komentarnya bagus dan kirain aku buat.. Tapi kekecilan dan kurang agak panjang di aku.. But gpp. semoga bisa agak diperbesar.. Tapi untuk bahannya bagus banget. adem.,https://shopee.co.id/JEANS-ROK-BUTON-ROK-JEANS-DENIM-ROK-KANCING-i.309297326.10410538382?sp_atk=d1c798da-b260-464a-a5f9-6a8a1072f8da&xptdk=d1c798da-b260-464a-a5f9-6a8a1072f8da
190,JEANS ROK BUTON ROK JEANS DENIM ROK KANCING,3,Model bagus.tapi tipis berbayang..padahal di keterangan tebal.bahan katun bkn jeans..pengiriman cepat,https://shopee.co.id/JEANS-ROK-BUTON-ROK-JEANS-DENIM-ROK-KANCING-i.309297326.10410538382?sp_atk=d1c798da-b260-464a-a5f9-6a8a1072f8da&xptdk=d1c798da-b260-464a-a5f9-6a8a1072f8da
191,JEANS ROK BUTON ROK JEANS DENIM ROK KANCING,3,kayanya panjangnya ga sesuai sm deskripsi.. sedihh ngatungg. mana kancingnya ga dibolongin semua lagii huuh,https://shopee.co.id/JEANS-ROK-BUTON-ROK-JEANS-DENIM-ROK-KANCING-i.309297326.10410538382?sp_atk=d1c798da-b260-464a-a5f9-6a8a1072f8da&xptdk=d1c798da-b260-464a-a5f9-6a8a1072f8da
192,JEANS ROK BUTON ROK JEANS DENIM ROK KANCING,3,Kurang suka sama bhannya,https://shopee.co.id/JEANS-ROK-BUTON-ROK-JEANS-DENIM-ROK-KANCING-i.309297326.10410538382?sp_atk=d1c798da-b260-464a-a5f9-6a8a1072f8da&xptdk=d1c798da-b260-464a-a5f9-6a8a1072f8da
193,JEANS ROK BUTON ROK JEANS DENIM ROK KANCING,2,Bahan nya sih bagus tapi ternyata rok nya pendek jadi kalo di pake kesannya kyk menggantung pdhl tinggi saya 154,https://shopee.co.id/JEANS-ROK-BUTON-ROK-JEANS-DENIM-ROK-KANCING-i.309297326.10410538382?sp_atk=d1c798da-b260-464a-a5f9-6a8a1072f8da&xptdk=d1c798da-b260-464a-a5f9-6a8a1072f8da
194,JEANS ROK BUTON ROK JEANS DENIM ROK KANCING,2,Bahannya bagus. tapi kok pas diukur panjangnya 80 cm ya. jadi kependekan:((,https://shopee.co.id/JEANS-ROK-BUTON-ROK-JEANS-DENIM-ROK-KANCING-i.309297326.10410538382?sp_atk=d1c798da-b260-464a-a5f9-6a8a1072f8da&xptdk=d1c798da-b260-464a-a5f9-6a8a1072f8da
195,JEANS ROK BUTON ROK JEANS DENIM ROK KANCING,2,Baguss bahannya lembut,https://shopee.co.id/JEANS-ROK-BUTON-ROK-JEANS-DENIM-ROK-KANCING-i.309297326.10410538382?sp_atk=d1c798da-b260-464a-a5f9-6a8a1072f8da&xptdk=d1c798da-b260-464a-a5f9-6a8a1072f8da
196,JEANS ROK BUTON ROK JEANS DENIM ROK KANCING,2,Ukuranya gk sesuai,https://shopee.co.id/JEANS-ROK-BUTON-ROK-JEANS-DENIM-ROK-KANCING-i.309297326.10410538382?sp_atk=d1c798da-b260-464a-a5f9-6a8a1072f8da&xptdk=d1c798da-b260-464a-a5f9-6a8a1072f8da
197,JEANS ROK BUTON ROK JEANS DENIM ROK KANCING,1,bahannya bukan jeans. lebih kain katun. kecewa banget. mohon lebih dijelaskan lagi detail bahan yang digunakan biar yang udah beli tidak merasa dirugikan. rawisnya juga gabagus,https://shopee.co.id/JEANS-ROK-BUTON-ROK-JEANS-DENIM-ROK-KANCING-i.309297326.10410538382?sp_atk=d1c798da-b260-464a-a5f9-6a8a1072f8da&xptdk=d1c798da-b260-464a-a5f9-6a8a1072f8da
198,JEANS ROK BUTON ROK JEANS DENIM ROK KANCING,1,Jelek banget bawahnya jahitanya kaya di gunting gunting,https://shopee.co.id/JEANS-ROK-BUTON-ROK-JEANS-DENIM-ROK-KANCING-i.309297326.10410538382?sp_atk=d1c798da-b260-464a-a5f9-6a8a1072f8da&xptdk=d1c798da-b260-464a-a5f9-6a8a1072f8da
199,JEANS ROK BUTON ROK JEANS DENIM ROK KANCING,1,Pesen warna hitam yang datang malah warna putih. Gatau salah baca apa gimana pas pengemasan barang. Mungkin lagi tidur atau setengah bangun jadi kebaca warna putih. Ekpetasi yang datang warna hitam. Ga ada konfirmasi juga kalo misalkan mau ganti warna atau warna kosong. Maybe lain kali ga beli lagi disini.,https://shopee.co.id/JEANS-ROK-BUTON-ROK-JEANS-DENIM-ROK-KANCING-i.309297326.10410538382?sp_atk=d1c798da-b260-464a-a5f9-6a8a1072f8da&xptdk=d1c798da-b260-464a-a5f9-6a8a1072f8da
200,JEANS ROK BUTON ROK JEANS DENIM ROK KANCING,1,Penjual sangat tdk amanah mengirim brg cacat minta refund respon malah ribet .ht ht yg mau order sangat tdk rekomen blanja dsni kancing jauh  sndri pas bagian tengah trlihat kancut kmana mana,https://shopee.co.id/JEANS-ROK-BUTON-ROK-JEANS-DENIM-ROK-KANCING-i.309297326.10410538382?sp_atk=d1c798da-b260-464a-a5f9-6a8a1072f8da&xptdk=d1c798da-b260-464a-a5f9-6a8a1072f8da
